Intent,total_impressions,total_clicks,avg_position,top_queries,prev_impressions,impression_change,Trend
Dictionary,1088,2,39.666168006819476,"unconventional meaning in bengali, seclusion meaning in bengali, slytherin meaning in bengali",0,1088,New
Other,373,11,61.14443035596882,"ovidhan, root words search engine, অভিধান",0,373,New
Banglish,104,0,38.486666666666665,"educalingo bangla, thyme in bengali, ankara meaning bangla",0,104,New
Grammar,89,1,44.957359307359305,"parts of speech identifier, preposition rules bangla, preposition rules in bangla",0,89,New
Tools,18,0,68.63333333333334,"part of speech finder, root word finder, part of speech identifier",0,18,New
Vocabulary,11,0,24.05,"bcs vocabulary, bcs vocabulary pdf, important english vocabulary words for bcs exam bangladesh with meanings",0,11,New
BCS,2,0,27.0,"hsc english guide, bcs question pattern",0,2,New
IELTS,1,0,74.0,excepted,0,1,New
Travel,1,0,53.0,traveling bengali meaning,0,1,New
