word,url,protection_status,reason,BD_IMPRESSIONS,BD_CLICKS
a,https://ovidhan.net/word/a.html,AUTO_PROTECTED,Batch 1,0,0
aa,https://ovidhan.net/word/aa.html,AUTO_PROTECTED,Batch 1,0,0
ab,https://ovidhan.net/word/ab.html,AUTO_PROTECTED,Batch 1,0,0
abacus,https://ovidhan.net/word/abacus.html,AUTO_PROTECTED,Batch 1,0,0
abalone,https://ovidhan.net/word/abalone.html,AUTO_PROTECTED,Batch 1,0,0
abandon,https://ovidhan.net/word/abandon.html,AUTO_PROTECTED,Batch 1,0,0
abandonment,https://ovidhan.net/word/abandonment.html,AUTO_PROTECTED,Batch 1,0,0
abate,https://ovidhan.net/word/abate.html,AUTO_PROTECTED,Batch 1,0,0
abbey,https://ovidhan.net/word/abbey.html,AUTO_PROTECTED,Batch 1,0,0
abbreviate,https://ovidhan.net/word/abbreviate.html,AUTO_PROTECTED,Batch 1,0,0
abc,https://ovidhan.net/word/abc.html,AUTO_PROTECTED,Batch 1,0,0
abdicate,https://ovidhan.net/word/abdicate.html,AUTO_PROTECTED,Batch 1,0,0
abdomen,https://ovidhan.net/word/abdomen.html,AUTO_PROTECTED,Batch 1,0,0
abduction,https://ovidhan.net/word/abduction.html,AUTO_PROTECTED,Batch 1,0,0
aberrant,https://ovidhan.net/word/aberrant.html,AUTO_PROTECTED,Batch 1,0,0
ability,https://ovidhan.net/word/ability.html,AUTO_PROTECTED,Batch 1,0,0
able,https://ovidhan.net/word/able.html,AUTO_PROTECTED,Batch 1,0,0
abode,https://ovidhan.net/word/abode.html,AUTO_PROTECTED,Batch 1,0,0
abolish,https://ovidhan.net/word/abolish.html,AUTO_PROTECTED,Batch 1,0,0
abolition,https://ovidhan.net/word/abolition.html,AUTO_PROTECTED,Batch 1,0,0
aboriginal,https://ovidhan.net/word/aboriginal.html,AUTO_PROTECTED,Batch 1,0,0
abort,https://ovidhan.net/word/abort.html,AUTO_PROTECTED,Batch 1,0,0
about,https://ovidhan.net/word/about.html,AUTO_PROTECTED,Batch 1,0,0
above,https://ovidhan.net/word/above.html,AUTO_PROTECTED,Batch 1,0,0
abrasive,https://ovidhan.net/word/abrasive.html,AUTO_PROTECTED,Batch 1,0,0
abreast,https://ovidhan.net/word/abreast.html,AUTO_PROTECTED,Batch 1,0,0
abridge,https://ovidhan.net/word/abridge.html,AUTO_PROTECTED,Batch 1,0,0
abroad,https://ovidhan.net/word/abroad.html,AUTO_PROTECTED,Batch 1,0,0
abrupt,https://ovidhan.net/word/abrupt.html,AUTO_PROTECTED,Batch 1,0,0
abscess,https://ovidhan.net/word/abscess.html,AUTO_PROTECTED,Batch 1,0,0
abscond,https://ovidhan.net/word/abscond.html,AUTO_PROTECTED,Batch 1,0,0
absence,https://ovidhan.net/word/absence.html,AUTO_PROTECTED,Batch 1,0,0
absent,https://ovidhan.net/word/absent.html,AUTO_PROTECTED,Batch 1,0,0
absolute,https://ovidhan.net/word/absolute.html,AUTO_PROTECTED,Batch 1,0,0
absolutely,https://ovidhan.net/word/absolutely.html,AUTO_PROTECTED,Batch 1,0,0
absolution,https://ovidhan.net/word/absolution.html,AUTO_PROTECTED,Batch 1,0,0
absolutism,https://ovidhan.net/word/absolutism.html,AUTO_PROTECTED,Batch 1,0,0
absolve,https://ovidhan.net/word/absolve.html,AUTO_PROTECTED,Batch 1,0,0
absorb,https://ovidhan.net/word/absorb.html,AUTO_PROTECTED,Batch 1,0,0
absorbent,https://ovidhan.net/word/absorbent.html,AUTO_PROTECTED,Batch 1,0,0
abstain,https://ovidhan.net/word/abstain.html,AUTO_PROTECTED,Batch 1,0,0
abstinence,https://ovidhan.net/word/abstinence.html,AUTO_PROTECTED,Batch 1,0,0
abstract,https://ovidhan.net/word/abstract.html,AUTO_PROTECTED,Batch 1,0,0
abstruse,https://ovidhan.net/word/abstruse.html,AUTO_PROTECTED,Batch 1,0,0
absurd,https://ovidhan.net/word/absurd.html,AUTO_PROTECTED,Batch 1,0,0
abundance,https://ovidhan.net/word/abundance.html,AUTO_PROTECTED,Batch 1,0,0
abuse,https://ovidhan.net/word/abuse.html,AUTO_PROTECTED,Batch 1,0,0
abysmal,https://ovidhan.net/word/abysmal.html,AUTO_PROTECTED,Batch 1,0,0
ac,https://ovidhan.net/word/ac.html,AUTO_PROTECTED,Batch 1,0,0
academic,https://ovidhan.net/word/academic.html,AUTO_PROTECTED,Batch 1,0,0
academy,https://ovidhan.net/word/academy.html,AUTO_PROTECTED,Batch 1,0,0
acc,https://ovidhan.net/word/acc.html,AUTO_PROTECTED,Batch 1,0,0
accede,https://ovidhan.net/word/accede.html,AUTO_PROTECTED,Batch 1,0,0
accelerate,https://ovidhan.net/word/accelerate.html,AUTO_PROTECTED,Batch 1,0,0
accent,https://ovidhan.net/word/accent.html,AUTO_PROTECTED,Batch 1,0,0
accentuate,https://ovidhan.net/word/accentuate.html,AUTO_PROTECTED,Batch 1,0,0
accept,https://ovidhan.net/word/accept.html,AUTO_PROTECTED,Batch 1,0,0
acceptable,https://ovidhan.net/word/acceptable.html,AUTO_PROTECTED,Batch 1,0,0
acceptance,https://ovidhan.net/word/acceptance.html,AUTO_PROTECTED,Batch 1,0,0
accepted,https://ovidhan.net/word/accepted.html,AUTO_PROTECTED,Batch 1,0,0
access,https://ovidhan.net/word/access.html,AUTO_PROTECTED,Batch 1,0,0
accessibility,https://ovidhan.net/word/accessibility.html,AUTO_PROTECTED,Batch 1,0,0
accessible,https://ovidhan.net/word/accessible.html,AUTO_PROTECTED,Batch 1,0,0
accessories,https://ovidhan.net/word/accessories.html,AUTO_PROTECTED,Batch 1,0,0
accessory,https://ovidhan.net/word/accessory.html,AUTO_PROTECTED,Batch 1,0,0
accident,https://ovidhan.net/word/accident.html,AUTO_PROTECTED,Batch 1,0,0
acclaim,https://ovidhan.net/word/acclaim.html,AUTO_PROTECTED,Batch 1,0,0
acclimate,https://ovidhan.net/word/acclimate.html,AUTO_PROTECTED,Batch 1,0,0
acclimatize,https://ovidhan.net/word/acclimatize.html,AUTO_PROTECTED,Batch 1,0,0
accolade,https://ovidhan.net/word/accolade.html,AUTO_PROTECTED,Batch 1,0,0
accommodate,https://ovidhan.net/word/accommodate.html,AUTO_PROTECTED,Batch 1,0,0
accommodation,https://ovidhan.net/word/accommodation.html,AUTO_PROTECTED,Batch 1,0,0
accompany,https://ovidhan.net/word/accompany.html,AUTO_PROTECTED,Batch 1,0,0
accomplice,https://ovidhan.net/word/accomplice.html,AUTO_PROTECTED,Batch 1,0,0
accomplish,https://ovidhan.net/word/accomplish.html,AUTO_PROTECTED,Batch 1,0,0
accord,https://ovidhan.net/word/accord.html,AUTO_PROTECTED,Batch 1,0,0
accordance,https://ovidhan.net/word/accordance.html,AUTO_PROTECTED,Batch 1,0,0
according,https://ovidhan.net/word/according.html,AUTO_PROTECTED,Batch 1,0,0
accost,https://ovidhan.net/word/accost.html,AUTO_PROTECTED,Batch 1,0,0
account,https://ovidhan.net/word/account.html,AUTO_PROTECTED,Batch 1,0,0
accountable,https://ovidhan.net/word/accountable.html,AUTO_PROTECTED,Batch 1,0,0
accounting,https://ovidhan.net/word/accounting.html,AUTO_PROTECTED,Batch 1,0,0
accounts,https://ovidhan.net/word/accounts.html,AUTO_PROTECTED,Batch 1,0,0
accreditation,https://ovidhan.net/word/accreditation.html,AUTO_PROTECTED,Batch 1,0,0
accredited,https://ovidhan.net/word/accredited.html,AUTO_PROTECTED,Batch 1,0,0
accrete,https://ovidhan.net/word/accrete.html,AUTO_PROTECTED,Batch 1,0,0
accrue,https://ovidhan.net/word/accrue.html,AUTO_PROTECTED,Batch 1,0,0
accumulate,https://ovidhan.net/word/accumulate.html,AUTO_PROTECTED,Batch 1,0,0
accuracy,https://ovidhan.net/word/accuracy.html,AUTO_PROTECTED,Batch 1,0,0
accurate,https://ovidhan.net/word/accurate.html,AUTO_PROTECTED,Batch 1,0,0
accusation,https://ovidhan.net/word/accusation.html,AUTO_PROTECTED,Batch 1,0,0
accuse,https://ovidhan.net/word/accuse.html,AUTO_PROTECTED,Batch 1,0,0
accustom,https://ovidhan.net/word/accustom.html,AUTO_PROTECTED,Batch 1,0,0
achieve,https://ovidhan.net/word/achieve.html,AUTO_PROTECTED,Batch 1,0,0
achieved,https://ovidhan.net/word/achieved.html,AUTO_PROTECTED,Batch 1,0,0
achievement,https://ovidhan.net/word/achievement.html,AUTO_PROTECTED,Batch 1,0,0
acid,https://ovidhan.net/word/acid.html,AUTO_PROTECTED,Batch 1,0,0
acidic,https://ovidhan.net/word/acidic.html,AUTO_PROTECTED,Batch 1,0,0
acknowledge,https://ovidhan.net/word/acknowledge.html,AUTO_PROTECTED,Batch 1,0,0
acoustic,https://ovidhan.net/word/acoustic.html,AUTO_PROTECTED,Batch 1,0,0
acquaint,https://ovidhan.net/word/acquaint.html,AUTO_PROTECTED,Batch 1,0,0
acquaintance,https://ovidhan.net/word/acquaintance.html,AUTO_PROTECTED,Batch 1,0,0
acquire,https://ovidhan.net/word/acquire.html,AUTO_PROTECTED,Batch 1,0,0
acquisition,https://ovidhan.net/word/acquisition.html,AUTO_PROTECTED,Batch 1,0,0
acquit,https://ovidhan.net/word/acquit.html,AUTO_PROTECTED,Batch 1,0,0
acres,https://ovidhan.net/word/acres.html,AUTO_PROTECTED,Batch 1,0,0
acrimony,https://ovidhan.net/word/acrimony.html,AUTO_PROTECTED,Batch 1,0,0
acrobat,https://ovidhan.net/word/acrobat.html,AUTO_PROTECTED,Batch 1,0,0
acronym,https://ovidhan.net/word/acronym.html,AUTO_PROTECTED,Batch 1,0,0
across,https://ovidhan.net/word/across.html,AUTO_PROTECTED,Batch 1,0,0
act,https://ovidhan.net/word/act.html,AUTO_PROTECTED,Batch 1,0,0
acting,https://ovidhan.net/word/acting.html,AUTO_PROTECTED,Batch 1,0,0
action,https://ovidhan.net/word/action.html,AUTO_PROTECTED,Batch 1,0,0
actions,https://ovidhan.net/word/actions.html,AUTO_PROTECTED,Batch 1,0,0
activate,https://ovidhan.net/word/activate.html,AUTO_PROTECTED,Batch 1,0,0
active,https://ovidhan.net/word/active.html,AUTO_PROTECTED,Batch 1,0,0
activism,https://ovidhan.net/word/activism.html,AUTO_PROTECTED,Batch 1,0,0
activities,https://ovidhan.net/word/activities.html,AUTO_PROTECTED,Batch 1,0,0
activity,https://ovidhan.net/word/activity.html,AUTO_PROTECTED,Batch 1,0,0
actor,https://ovidhan.net/word/actor.html,AUTO_PROTECTED,Batch 1,0,0
acts,https://ovidhan.net/word/acts.html,AUTO_PROTECTED,Batch 1,0,0
actual,https://ovidhan.net/word/actual.html,AUTO_PROTECTED,Batch 1,0,0
actually,https://ovidhan.net/word/actually.html,AUTO_PROTECTED,Batch 1,0,0
actuary,https://ovidhan.net/word/actuary.html,AUTO_PROTECTED,Batch 1,0,0
actuate,https://ovidhan.net/word/actuate.html,AUTO_PROTECTED,Batch 1,0,0
acuity,https://ovidhan.net/word/acuity.html,AUTO_PROTECTED,Batch 1,0,0
ad,https://ovidhan.net/word/ad.html,AUTO_PROTECTED,Batch 1,0,0
adage,https://ovidhan.net/word/adage.html,AUTO_PROTECTED,Batch 1,0,0
adam,https://ovidhan.net/word/adam.html,AUTO_PROTECTED,Batch 1,0,0
adams,https://ovidhan.net/word/adams.html,AUTO_PROTECTED,Batch 1,0,0
adapt,https://ovidhan.net/word/adapt.html,AUTO_PROTECTED,Batch 1,0,0
adaptable,https://ovidhan.net/word/adaptable.html,AUTO_PROTECTED,Batch 1,0,0
adapter,https://ovidhan.net/word/adapter.html,AUTO_PROTECTED,Batch 1,0,0
add,https://ovidhan.net/word/add.html,AUTO_PROTECTED,Batch 1,0,0
added,https://ovidhan.net/word/added.html,AUTO_PROTECTED,Batch 1,0,0
addict,https://ovidhan.net/word/addict.html,AUTO_PROTECTED,Batch 1,0,0
addiction,https://ovidhan.net/word/addiction.html,AUTO_PROTECTED,Batch 1,0,0
adding,https://ovidhan.net/word/adding.html,AUTO_PROTECTED,Batch 1,0,0
addition,https://ovidhan.net/word/addition.html,AUTO_PROTECTED,Batch 1,0,0
additional,https://ovidhan.net/word/additional.html,AUTO_PROTECTED,Batch 1,0,0
address,https://ovidhan.net/word/address.html,AUTO_PROTECTED,Batch 1,0,0
addressed,https://ovidhan.net/word/addressed.html,AUTO_PROTECTED,Batch 1,0,0
addresses,https://ovidhan.net/word/addresses.html,AUTO_PROTECTED,Batch 1,0,0
adds,https://ovidhan.net/word/adds.html,AUTO_PROTECTED,Batch 1,0,0
adequacy,https://ovidhan.net/word/adequacy.html,AUTO_PROTECTED,Batch 1,0,0
adequate,https://ovidhan.net/word/adequate.html,AUTO_PROTECTED,Batch 1,0,0
adhere,https://ovidhan.net/word/adhere.html,AUTO_PROTECTED,Batch 1,0,0
adherent,https://ovidhan.net/word/adherent.html,AUTO_PROTECTED,Batch 1,0,0
adhesive,https://ovidhan.net/word/adhesive.html,AUTO_PROTECTED,Batch 1,0,0
adjacent,https://ovidhan.net/word/adjacent.html,AUTO_PROTECTED,Batch 1,0,0
adjoin,https://ovidhan.net/word/adjoin.html,AUTO_PROTECTED,Batch 1,0,0
adjudicate,https://ovidhan.net/word/adjudicate.html,AUTO_PROTECTED,Batch 1,0,0
adjunct,https://ovidhan.net/word/adjunct.html,AUTO_PROTECTED,Batch 1,0,0
adjust,https://ovidhan.net/word/adjust.html,AUTO_PROTECTED,Batch 1,0,0
admin,https://ovidhan.net/word/admin.html,AUTO_PROTECTED,Batch 1,0,0
administer,https://ovidhan.net/word/administer.html,AUTO_PROTECTED,Batch 1,0,0
administration,https://ovidhan.net/word/administration.html,AUTO_PROTECTED,Batch 1,0,0
administrative,https://ovidhan.net/word/administrative.html,AUTO_PROTECTED,Batch 1,0,0
administrator,https://ovidhan.net/word/administrator.html,AUTO_PROTECTED,Batch 1,0,0
admirable,https://ovidhan.net/word/admirable.html,AUTO_PROTECTED,Batch 1,0,0
admiral,https://ovidhan.net/word/admiral.html,AUTO_PROTECTED,Batch 1,0,0
admire,https://ovidhan.net/word/admire.html,AUTO_PROTECTED,Batch 1,0,0
admission,https://ovidhan.net/word/admission.html,AUTO_PROTECTED,Batch 1,0,0
admonish,https://ovidhan.net/word/admonish.html,AUTO_PROTECTED,Batch 1,0,0
admonition,https://ovidhan.net/word/admonition.html,AUTO_PROTECTED,Batch 1,0,0
adobe,https://ovidhan.net/word/adobe.html,AUTO_PROTECTED,Batch 1,0,0
adolescent,https://ovidhan.net/word/adolescent.html,AUTO_PROTECTED,Batch 1,0,0
adopt,https://ovidhan.net/word/adopt.html,AUTO_PROTECTED,Batch 1,0,0
adopted,https://ovidhan.net/word/adopted.html,AUTO_PROTECTED,Batch 1,0,0
adoption,https://ovidhan.net/word/adoption.html,AUTO_PROTECTED,Batch 1,0,0
adorable,https://ovidhan.net/word/adorable.html,AUTO_PROTECTED,Batch 1,0,0
adoration,https://ovidhan.net/word/adoration.html,AUTO_PROTECTED,Batch 1,0,0
adorn,https://ovidhan.net/word/adorn.html,AUTO_PROTECTED,Batch 1,0,0
adrenaline,https://ovidhan.net/word/adrenaline.html,AUTO_PROTECTED,Batch 1,0,0
adrift,https://ovidhan.net/word/adrift.html,AUTO_PROTECTED,Batch 1,0,0
ads,https://ovidhan.net/word/ads.html,AUTO_PROTECTED,Batch 1,0,0
adult,https://ovidhan.net/word/adult.html,AUTO_PROTECTED,Batch 1,0,0
adulterate,https://ovidhan.net/word/adulterate.html,AUTO_PROTECTED,Batch 1,0,0
adults,https://ovidhan.net/word/adults.html,AUTO_PROTECTED,Batch 1,0,0
advance,https://ovidhan.net/word/advance.html,AUTO_PROTECTED,Batch 1,0,0
advanced,https://ovidhan.net/word/advanced.html,AUTO_PROTECTED,Batch 1,0,0
advantage,https://ovidhan.net/word/advantage.html,AUTO_PROTECTED,Batch 1,0,0
adventure,https://ovidhan.net/word/adventure.html,AUTO_PROTECTED,Batch 1,0,0
adventures,https://ovidhan.net/word/adventures.html,AUTO_PROTECTED,Batch 1,0,0
adversary,https://ovidhan.net/word/adversary.html,AUTO_PROTECTED,Batch 1,0,0
adverse,https://ovidhan.net/word/adverse.html,AUTO_PROTECTED,Batch 1,0,0
adversity,https://ovidhan.net/word/adversity.html,AUTO_PROTECTED,Batch 1,0,0
advertise,https://ovidhan.net/word/advertise.html,AUTO_PROTECTED,Batch 1,0,0
advertisement,https://ovidhan.net/word/advertisement.html,AUTO_PROTECTED,Batch 1,0,0
advertising,https://ovidhan.net/word/advertising.html,AUTO_PROTECTED,Batch 1,0,0
advice,https://ovidhan.net/word/advice.html,AUTO_PROTECTED,Batch 1,0,0
advisor,https://ovidhan.net/word/advisor.html,AUTO_PROTECTED,Batch 1,0,0
advisory,https://ovidhan.net/word/advisory.html,AUTO_PROTECTED,Batch 1,0,0
advocacy,https://ovidhan.net/word/advocacy.html,AUTO_PROTECTED,Batch 1,0,0
advocate,https://ovidhan.net/word/advocate.html,AUTO_PROTECTED,Batch 1,0,0
aerial,https://ovidhan.net/word/aerial.html,AUTO_PROTECTED,Batch 1,0,0
aesthetic,https://ovidhan.net/word/aesthetic.html,AUTO_PROTECTED,Batch 1,0,0
affable,https://ovidhan.net/word/affable.html,AUTO_PROTECTED,Batch 1,0,0
affairs,https://ovidhan.net/word/affairs.html,AUTO_PROTECTED,Batch 1,0,0
affect,https://ovidhan.net/word/affect.html,AUTO_PROTECTED,Batch 1,0,0
affected,https://ovidhan.net/word/affected.html,AUTO_PROTECTED,Batch 1,0,0
affection,https://ovidhan.net/word/affection.html,AUTO_PROTECTED,Batch 1,0,0
affidavit,https://ovidhan.net/word/affidavit.html,AUTO_PROTECTED,Batch 1,0,0
affiliate,https://ovidhan.net/word/affiliate.html,AUTO_PROTECTED,Batch 1,0,0
affiliates,https://ovidhan.net/word/affiliates.html,AUTO_PROTECTED,Batch 1,0,0
affirm,https://ovidhan.net/word/affirm.html,AUTO_PROTECTED,Batch 1,0,0
afflict,https://ovidhan.net/word/afflict.html,AUTO_PROTECTED,Batch 1,0,0
affliction,https://ovidhan.net/word/affliction.html,AUTO_PROTECTED,Batch 1,0,0
affluent,https://ovidhan.net/word/affluent.html,AUTO_PROTECTED,Batch 1,0,0
afford,https://ovidhan.net/word/afford.html,AUTO_PROTECTED,Batch 1,0,0
affordable,https://ovidhan.net/word/affordable.html,AUTO_PROTECTED,Batch 1,0,0
affront,https://ovidhan.net/word/affront.html,AUTO_PROTECTED,Batch 1,0,0
afghanistan,https://ovidhan.net/word/afghanistan.html,AUTO_PROTECTED,Batch 1,0,0
africa,https://ovidhan.net/word/africa.html,AUTO_PROTECTED,Batch 1,0,0
african,https://ovidhan.net/word/african.html,AUTO_PROTECTED,Batch 1,0,0
after,https://ovidhan.net/word/after.html,AUTO_PROTECTED,Batch 1,0,0
afternoon,https://ovidhan.net/word/afternoon.html,AUTO_PROTECTED,Batch 1,0,0
ag,https://ovidhan.net/word/ag.html,AUTO_PROTECTED,Batch 1,0,0
again,https://ovidhan.net/word/again.html,AUTO_PROTECTED,Batch 1,0,0
against,https://ovidhan.net/word/against.html,AUTO_PROTECTED,Batch 1,0,0
age,https://ovidhan.net/word/age.html,AUTO_PROTECTED,Batch 1,0,0
aged,https://ovidhan.net/word/aged.html,AUTO_PROTECTED,Batch 1,0,0
agencies,https://ovidhan.net/word/agencies.html,AUTO_PROTECTED,Batch 1,0,0
agency,https://ovidhan.net/word/agency.html,AUTO_PROTECTED,Batch 1,0,0
agenda,https://ovidhan.net/word/agenda.html,AUTO_PROTECTED,Batch 1,0,0
agent,https://ovidhan.net/word/agent.html,AUTO_PROTECTED,Batch 1,0,0
agents,https://ovidhan.net/word/agents.html,AUTO_PROTECTED,Batch 1,0,0
ages,https://ovidhan.net/word/ages.html,AUTO_PROTECTED,Batch 1,0,0
aggravate,https://ovidhan.net/word/aggravate.html,AUTO_PROTECTED,Batch 1,0,0
aggregate,https://ovidhan.net/word/aggregate.html,AUTO_PROTECTED,Batch 1,0,0
aggression,https://ovidhan.net/word/aggression.html,AUTO_PROTECTED,Batch 1,0,0
agile,https://ovidhan.net/word/agile.html,AUTO_PROTECTED,Batch 1,0,0
agitate,https://ovidhan.net/word/agitate.html,AUTO_PROTECTED,Batch 1,0,0
ago,https://ovidhan.net/word/ago.html,AUTO_PROTECTED,Batch 1,0,0
agony,https://ovidhan.net/word/agony.html,AUTO_PROTECTED,Batch 1,0,0
agree,https://ovidhan.net/word/agree.html,AUTO_PROTECTED,Batch 1,0,0
agreeable,https://ovidhan.net/word/agreeable.html,AUTO_PROTECTED,Batch 1,0,0
agreed,https://ovidhan.net/word/agreed.html,AUTO_PROTECTED,Batch 1,0,0
agreement,https://ovidhan.net/word/agreement.html,AUTO_PROTECTED,Batch 1,0,0
agreements,https://ovidhan.net/word/agreements.html,AUTO_PROTECTED,Batch 1,0,0
agricultural,https://ovidhan.net/word/agricultural.html,AUTO_PROTECTED,Batch 1,0,0
agriculture,https://ovidhan.net/word/agriculture.html,AUTO_PROTECTED,Batch 1,0,0
ah,https://ovidhan.net/word/ah.html,AUTO_PROTECTED,Batch 1,0,0
ahead,https://ovidhan.net/word/ahead.html,AUTO_PROTECTED,Batch 1,0,0
aid,https://ovidhan.net/word/aid.html,AUTO_PROTECTED,Batch 1,0,0
aide,https://ovidhan.net/word/aide.html,AUTO_PROTECTED,Batch 1,0,0
aids,https://ovidhan.net/word/aids.html,AUTO_PROTECTED,Batch 1,0,0
ailment,https://ovidhan.net/word/ailment.html,AUTO_PROTECTED,Batch 1,0,0
aim,https://ovidhan.net/word/aim.html,AUTO_PROTECTED,Batch 1,0,0
air,https://ovidhan.net/word/air.html,AUTO_PROTECTED,Batch 1,0,0
aircraft,https://ovidhan.net/word/aircraft.html,AUTO_PROTECTED,Batch 1,0,0
airlift,https://ovidhan.net/word/airlift.html,AUTO_PROTECTED,Batch 1,0,0
airline,https://ovidhan.net/word/airline.html,AUTO_PROTECTED,Batch 1,0,0
airlines,https://ovidhan.net/word/airlines.html,AUTO_PROTECTED,Batch 1,0,0
airport,https://ovidhan.net/word/airport.html,AUTO_PROTECTED,Batch 1,0,0
airtight,https://ovidhan.net/word/airtight.html,AUTO_PROTECTED,Batch 1,0,0
ak,https://ovidhan.net/word/ak.html,AUTO_PROTECTED,Batch 1,0,0
akin,https://ovidhan.net/word/akin.html,AUTO_PROTECTED,Batch 1,0,0
al,https://ovidhan.net/word/al.html,AUTO_PROTECTED,Batch 1,0,0
alabama,https://ovidhan.net/word/alabama.html,AUTO_PROTECTED,Batch 1,0,0
alacrity,https://ovidhan.net/word/alacrity.html,AUTO_PROTECTED,Batch 1,0,0
alan,https://ovidhan.net/word/alan.html,AUTO_PROTECTED,Batch 1,0,0
alarm,https://ovidhan.net/word/alarm.html,AUTO_PROTECTED,Batch 1,0,0
alaska,https://ovidhan.net/word/alaska.html,AUTO_PROTECTED,Batch 1,0,0
alberta,https://ovidhan.net/word/alberta.html,AUTO_PROTECTED,Batch 1,0,0
album,https://ovidhan.net/word/album.html,AUTO_PROTECTED,Batch 1,0,0
albums,https://ovidhan.net/word/albums.html,AUTO_PROTECTED,Batch 1,0,0
alchemy,https://ovidhan.net/word/alchemy.html,AUTO_PROTECTED,Batch 1,0,0
alcohol,https://ovidhan.net/word/alcohol.html,AUTO_PROTECTED,Batch 1,0,0
alert,https://ovidhan.net/word/alert.html,AUTO_PROTECTED,Batch 1,0,0
alerts,https://ovidhan.net/word/alerts.html,AUTO_PROTECTED,Batch 1,0,0
alex,https://ovidhan.net/word/alex.html,AUTO_PROTECTED,Batch 1,0,0
alexander,https://ovidhan.net/word/alexander.html,AUTO_PROTECTED,Batch 1,0,0
algebra,https://ovidhan.net/word/algebra.html,AUTO_PROTECTED,Batch 1,0,0
algorithm,https://ovidhan.net/word/algorithm.html,AUTO_PROTECTED,Batch 1,0,0
alien,https://ovidhan.net/word/alien.html,AUTO_PROTECTED,Batch 1,0,0
alienate,https://ovidhan.net/word/alienate.html,AUTO_PROTECTED,Batch 1,0,0
align,https://ovidhan.net/word/align.html,AUTO_PROTECTED,Batch 1,0,0
alike,https://ovidhan.net/word/alike.html,AUTO_PROTECTED,Batch 1,0,0
alimony,https://ovidhan.net/word/alimony.html,AUTO_PROTECTED,Batch 1,0,0
alive,https://ovidhan.net/word/alive.html,AUTO_PROTECTED,Batch 1,0,0
all,https://ovidhan.net/word/all.html,AUTO_PROTECTED,Batch 1,0,0
allay,https://ovidhan.net/word/allay.html,AUTO_PROTECTED,Batch 1,0,0
allegation,https://ovidhan.net/word/allegation.html,AUTO_PROTECTED,Batch 1,0,0
allege,https://ovidhan.net/word/allege.html,AUTO_PROTECTED,Batch 1,0,0
alleged,https://ovidhan.net/word/alleged.html,AUTO_PROTECTED,Batch 1,0,0
allegiance,https://ovidhan.net/word/allegiance.html,AUTO_PROTECTED,Batch 1,0,0
allegory,https://ovidhan.net/word/allegory.html,AUTO_PROTECTED,Batch 1,0,0
allen,https://ovidhan.net/word/allen.html,AUTO_PROTECTED,Batch 1,0,0
allergy,https://ovidhan.net/word/allergy.html,AUTO_PROTECTED,Batch 1,0,0
alleviate,https://ovidhan.net/word/alleviate.html,AUTO_PROTECTED,Batch 1,0,0
alley,https://ovidhan.net/word/alley.html,AUTO_PROTECTED,Batch 1,0,0
alliance,https://ovidhan.net/word/alliance.html,AUTO_PROTECTED,Batch 1,0,0
allocate,https://ovidhan.net/word/allocate.html,AUTO_PROTECTED,Batch 1,0,0
allocated,https://ovidhan.net/word/allocated.html,AUTO_PROTECTED,Batch 1,0,0
allot,https://ovidhan.net/word/allot.html,AUTO_PROTECTED,Batch 1,0,0
allow,https://ovidhan.net/word/allow.html,AUTO_PROTECTED,Batch 1,0,0
allowed,https://ovidhan.net/word/allowed.html,AUTO_PROTECTED,Batch 1,0,0
allowing,https://ovidhan.net/word/allowing.html,AUTO_PROTECTED,Batch 1,0,0
allows,https://ovidhan.net/word/allows.html,AUTO_PROTECTED,Batch 1,0,0
allude,https://ovidhan.net/word/allude.html,AUTO_PROTECTED,Batch 1,0,0
allure,https://ovidhan.net/word/allure.html,AUTO_PROTECTED,Batch 1,0,0
ally,https://ovidhan.net/word/ally.html,AUTO_PROTECTED,Batch 1,0,0
almighty,https://ovidhan.net/word/almighty.html,AUTO_PROTECTED,Batch 1,0,0
almost,https://ovidhan.net/word/almost.html,AUTO_PROTECTED,Batch 1,0,0
aloft,https://ovidhan.net/word/aloft.html,AUTO_PROTECTED,Batch 1,0,0
alone,https://ovidhan.net/word/alone.html,AUTO_PROTECTED,Batch 1,0,0
along,https://ovidhan.net/word/along.html,AUTO_PROTECTED,Batch 1,0,0
alongside,https://ovidhan.net/word/alongside.html,AUTO_PROTECTED,Batch 1,0,0
alpha,https://ovidhan.net/word/alpha.html,AUTO_PROTECTED,Batch 1,0,0
alphabet,https://ovidhan.net/word/alphabet.html,AUTO_PROTECTED,Batch 1,0,0
already,https://ovidhan.net/word/already.html,AUTO_PROTECTED,Batch 1,0,0
also,https://ovidhan.net/word/also.html,AUTO_PROTECTED,Batch 1,0,0
altar,https://ovidhan.net/word/altar.html,AUTO_PROTECTED,Batch 1,0,0
alter,https://ovidhan.net/word/alter.html,AUTO_PROTECTED,Batch 1,0,0
alternate,https://ovidhan.net/word/alternate.html,AUTO_PROTECTED,Batch 1,0,0
alternative,https://ovidhan.net/word/alternative.html,AUTO_PROTECTED,Batch 1,0,0
although,https://ovidhan.net/word/although.html,AUTO_PROTECTED,Batch 1,0,0
altitude,https://ovidhan.net/word/altitude.html,AUTO_PROTECTED,Batch 1,0,0
altruism,https://ovidhan.net/word/altruism.html,AUTO_PROTECTED,Batch 1,0,0
aluminum,https://ovidhan.net/word/aluminum.html,AUTO_PROTECTED,Batch 1,0,0
alumni,https://ovidhan.net/word/alumni.html,AUTO_PROTECTED,Batch 1,0,0
always,https://ovidhan.net/word/always.html,AUTO_PROTECTED,Batch 1,0,0
am,https://ovidhan.net/word/am.html,AUTO_PROTECTED,Batch 1,0,0
amalgamate,https://ovidhan.net/word/amalgamate.html,AUTO_PROTECTED,Batch 1,0,0
amass,https://ovidhan.net/word/amass.html,AUTO_PROTECTED,Batch 1,0,0
amateur,https://ovidhan.net/word/amateur.html,AUTO_PROTECTED,Batch 1,0,0
amaze,https://ovidhan.net/word/amaze.html,AUTO_PROTECTED,Batch 1,0,0
amazing,https://ovidhan.net/word/amazing.html,AUTO_PROTECTED,Batch 1,0,0
amazon,https://ovidhan.net/word/amazon.html,AUTO_PROTECTED,Batch 1,0,0
ambassador,https://ovidhan.net/word/ambassador.html,AUTO_PROTECTED,Batch 1,0,0
amber,https://ovidhan.net/word/amber.html,AUTO_PROTECTED,Batch 1,0,0
ambiance,https://ovidhan.net/word/ambiance.html,AUTO_PROTECTED,Batch 1,0,0
ambidextrous,https://ovidhan.net/word/ambidextrous.html,AUTO_PROTECTED,Batch 1,1,0
ambient,https://ovidhan.net/word/ambient.html,AUTO_PROTECTED,Batch 1,0,0
ambiguous,https://ovidhan.net/word/ambiguous.html,AUTO_PROTECTED,Batch 1,0,0
ambition,https://ovidhan.net/word/ambition.html,AUTO_PROTECTED,Batch 1,0,0
ambitious,https://ovidhan.net/word/ambitious.html,AUTO_PROTECTED,Batch 1,0,0
ambivalent,https://ovidhan.net/word/ambivalent.html,AUTO_PROTECTED,Batch 1,0,0
ambulance,https://ovidhan.net/word/ambulance.html,AUTO_PROTECTED,Batch 1,0,0
amd,https://ovidhan.net/word/amd.html,AUTO_PROTECTED,Batch 1,0,0
ameliorate,https://ovidhan.net/word/ameliorate.html,AUTO_PROTECTED,Batch 1,0,0
amend,https://ovidhan.net/word/amend.html,AUTO_PROTECTED,Batch 1,0,0
amended,https://ovidhan.net/word/amended.html,AUTO_PROTECTED,Batch 1,0,0
amendment,https://ovidhan.net/word/amendment.html,AUTO_PROTECTED,Batch 1,0,0
america,https://ovidhan.net/word/america.html,AUTO_PROTECTED,Batch 1,0,0
american,https://ovidhan.net/word/american.html,AUTO_PROTECTED,Batch 1,0,0
americans,https://ovidhan.net/word/americans.html,AUTO_PROTECTED,Batch 1,0,0
amiable,https://ovidhan.net/word/amiable.html,AUTO_PROTECTED,Batch 1,0,0
ammunition,https://ovidhan.net/word/ammunition.html,AUTO_PROTECTED,Batch 1,0,0
amnesty,https://ovidhan.net/word/amnesty.html,AUTO_PROTECTED,Batch 1,0,0
among,https://ovidhan.net/word/among.html,AUTO_PROTECTED,Batch 1,0,0
amorous,https://ovidhan.net/word/amorous.html,AUTO_PROTECTED,Batch 1,0,0
amortization,https://ovidhan.net/word/amortization.html,AUTO_PROTECTED,Batch 1,0,0
amount,https://ovidhan.net/word/amount.html,AUTO_PROTECTED,Batch 1,0,0
amounts,https://ovidhan.net/word/amounts.html,AUTO_PROTECTED,Batch 1,0,0
amp,https://ovidhan.net/word/amp.html,AUTO_PROTECTED,Batch 1,0,0
amplification,https://ovidhan.net/word/amplification.html,AUTO_PROTECTED,Batch 1,0,0
amplify,https://ovidhan.net/word/amplify.html,AUTO_PROTECTED,Batch 1,0,0
amputate,https://ovidhan.net/word/amputate.html,AUTO_PROTECTED,Batch 1,0,0
amsterdam,https://ovidhan.net/word/amsterdam.html,AUTO_PROTECTED,Batch 1,0,0
amulet,https://ovidhan.net/word/amulet.html,AUTO_PROTECTED,Batch 1,0,0
amuse,https://ovidhan.net/word/amuse.html,AUTO_PROTECTED,Batch 1,0,0
an,https://ovidhan.net/word/an.html,AUTO_PROTECTED,Batch 1,0,0
anachronism,https://ovidhan.net/word/anachronism.html,AUTO_PROTECTED,Batch 1,0,0
anal,https://ovidhan.net/word/anal.html,AUTO_PROTECTED,Batch 1,0,0
analogous,https://ovidhan.net/word/analogous.html,AUTO_PROTECTED,Batch 1,0,0
analogy,https://ovidhan.net/word/analogy.html,AUTO_PROTECTED,Batch 1,0,0
analyse,https://ovidhan.net/word/analyse.html,AUTO_PROTECTED,Batch 1,0,0
analysis,https://ovidhan.net/word/analysis.html,AUTO_PROTECTED,Batch 1,0,0
analyst,https://ovidhan.net/word/analyst.html,AUTO_PROTECTED,Batch 1,0,0
analyze,https://ovidhan.net/word/analyze.html,AUTO_PROTECTED,Batch 1,0,0
anarchy,https://ovidhan.net/word/anarchy.html,AUTO_PROTECTED,Batch 1,0,0
anatomy,https://ovidhan.net/word/anatomy.html,AUTO_PROTECTED,Batch 1,0,0
ancestor,https://ovidhan.net/word/ancestor.html,AUTO_PROTECTED,Batch 1,0,0
anchor,https://ovidhan.net/word/anchor.html,AUTO_PROTECTED,Batch 1,0,0
ancient,https://ovidhan.net/word/ancient.html,AUTO_PROTECTED,Batch 1,0,0
and,https://ovidhan.net/word/and.html,AUTO_PROTECTED,Batch 1,0,0
anderson,https://ovidhan.net/word/anderson.html,AUTO_PROTECTED,Batch 1,0,0
andrew,https://ovidhan.net/word/andrew.html,AUTO_PROTECTED,Batch 1,0,0
android,https://ovidhan.net/word/android.html,AUTO_PROTECTED,Batch 1,0,0
andy,https://ovidhan.net/word/andy.html,AUTO_PROTECTED,Batch 1,0,0
anecdotal,https://ovidhan.net/word/anecdotal.html,AUTO_PROTECTED,Batch 1,0,0
anecdote,https://ovidhan.net/word/anecdote.html,AUTO_PROTECTED,Batch 1,0,0
angel,https://ovidhan.net/word/angel.html,AUTO_PROTECTED,Batch 1,0,0
angeles,https://ovidhan.net/word/angeles.html,AUTO_PROTECTED,Batch 1,0,0
angels,https://ovidhan.net/word/angels.html,AUTO_PROTECTED,Batch 1,0,0
anger,https://ovidhan.net/word/anger.html,AUTO_PROTECTED,Batch 1,0,0
angle,https://ovidhan.net/word/angle.html,AUTO_PROTECTED,Batch 1,0,0
angry,https://ovidhan.net/word/angry.html,AUTO_PROTECTED,Batch 1,0,0
anguish,https://ovidhan.net/word/anguish.html,AUTO_PROTECTED,Batch 1,0,0
animal,https://ovidhan.net/word/animal.html,AUTO_PROTECTED,Batch 1,0,0
animals,https://ovidhan.net/word/animals.html,AUTO_PROTECTED,Batch 1,0,0
animate,https://ovidhan.net/word/animate.html,AUTO_PROTECTED,Batch 1,0,0
animation,https://ovidhan.net/word/animation.html,AUTO_PROTECTED,Batch 1,0,0
anime,https://ovidhan.net/word/anime.html,AUTO_PROTECTED,Batch 1,0,0
animosity,https://ovidhan.net/word/animosity.html,AUTO_PROTECTED,Batch 1,0,0
ann,https://ovidhan.net/word/ann.html,AUTO_PROTECTED,Batch 1,0,0
anna,https://ovidhan.net/word/anna.html,AUTO_PROTECTED,Batch 1,0,0
annals,https://ovidhan.net/word/annals.html,AUTO_PROTECTED,Batch 1,0,0
anne,https://ovidhan.net/word/anne.html,AUTO_PROTECTED,Batch 1,0,0
annex,https://ovidhan.net/word/annex.html,AUTO_PROTECTED,Batch 1,0,0
annexure,https://ovidhan.net/word/annexure.html,AUTO_PROTECTED,Batch 1,0,0
annihilate,https://ovidhan.net/word/annihilate.html,AUTO_PROTECTED,Batch 1,0,0
anniversary,https://ovidhan.net/word/anniversary.html,AUTO_PROTECTED,Batch 1,0,0
annotate,https://ovidhan.net/word/annotate.html,AUTO_PROTECTED,Batch 1,0,0
annotation,https://ovidhan.net/word/annotation.html,AUTO_PROTECTED,Batch 1,0,0
announce,https://ovidhan.net/word/announce.html,AUTO_PROTECTED,Batch 1,0,0
announced,https://ovidhan.net/word/announced.html,AUTO_PROTECTED,Batch 1,0,0
announcement,https://ovidhan.net/word/announcement.html,AUTO_PROTECTED,Batch 1,0,0
announcements,https://ovidhan.net/word/announcements.html,AUTO_PROTECTED,Batch 1,0,0
annoy,https://ovidhan.net/word/annoy.html,AUTO_PROTECTED,Batch 1,0,0
annual,https://ovidhan.net/word/annual.html,AUTO_PROTECTED,Batch 1,0,0
annul,https://ovidhan.net/word/annul.html,AUTO_PROTECTED,Batch 1,0,0
anomaly,https://ovidhan.net/word/anomaly.html,AUTO_PROTECTED,Batch 1,0,0
anonymous,https://ovidhan.net/word/anonymous.html,AUTO_PROTECTED,Batch 1,0,0
another,https://ovidhan.net/word/another.html,AUTO_PROTECTED,Batch 1,0,0
answer,https://ovidhan.net/word/answer.html,AUTO_PROTECTED,Batch 1,0,0
answers,https://ovidhan.net/word/answers.html,AUTO_PROTECTED,Batch 1,0,0
antagonist,https://ovidhan.net/word/antagonist.html,AUTO_PROTECTED,Batch 1,0,0
antagonize,https://ovidhan.net/word/antagonize.html,AUTO_PROTECTED,Batch 1,0,0
antarctic,https://ovidhan.net/word/antarctic.html,AUTO_PROTECTED,Batch 1,0,0
antenna,https://ovidhan.net/word/antenna.html,AUTO_PROTECTED,Batch 1,0,0
anthem,https://ovidhan.net/word/anthem.html,AUTO_PROTECTED,Batch 1,0,0
anthology,https://ovidhan.net/word/anthology.html,AUTO_PROTECTED,Batch 1,0,0
anthony,https://ovidhan.net/word/anthony.html,AUTO_PROTECTED,Batch 1,0,0
anthropology,https://ovidhan.net/word/anthropology.html,AUTO_PROTECTED,Batch 1,0,0
anti,https://ovidhan.net/word/anti.html,AUTO_PROTECTED,Batch 1,0,0
anticipate,https://ovidhan.net/word/anticipate.html,AUTO_PROTECTED,Batch 1,0,0
antidote,https://ovidhan.net/word/antidote.html,AUTO_PROTECTED,Batch 1,0,0
antique,https://ovidhan.net/word/antique.html,AUTO_PROTECTED,Batch 1,0,0
antiques,https://ovidhan.net/word/antiques.html,AUTO_PROTECTED,Batch 1,0,0
antithesis,https://ovidhan.net/word/antithesis.html,AUTO_PROTECTED,Batch 1,0,0
antonio,https://ovidhan.net/word/antonio.html,AUTO_PROTECTED,Batch 1,0,0
antonym,https://ovidhan.net/word/antonym.html,AUTO_PROTECTED,Batch 1,0,0
anxiety,https://ovidhan.net/word/anxiety.html,AUTO_PROTECTED,Batch 1,0,0
anxious,https://ovidhan.net/word/anxious.html,AUTO_PROTECTED,Batch 1,0,0
any,https://ovidhan.net/word/any.html,AUTO_PROTECTED,Batch 1,0,0
anyone,https://ovidhan.net/word/anyone.html,AUTO_PROTECTED,Batch 1,0,0
anything,https://ovidhan.net/word/anything.html,AUTO_PROTECTED,Batch 1,0,0
anytime,https://ovidhan.net/word/anytime.html,AUTO_PROTECTED,Batch 1,0,0
anyway,https://ovidhan.net/word/anyway.html,AUTO_PROTECTED,Batch 1,0,0
anywhere,https://ovidhan.net/word/anywhere.html,AUTO_PROTECTED,Batch 1,0,0
aol,https://ovidhan.net/word/aol.html,AUTO_PROTECTED,Batch 1,0,0
ap,https://ovidhan.net/word/ap.html,AUTO_PROTECTED,Batch 1,0,0
apache,https://ovidhan.net/word/apache.html,AUTO_PROTECTED,Batch 1,0,0
apart,https://ovidhan.net/word/apart.html,AUTO_PROTECTED,Batch 1,0,0
apartheid,https://ovidhan.net/word/apartheid.html,AUTO_PROTECTED,Batch 1,0,0
apartment,https://ovidhan.net/word/apartment.html,AUTO_PROTECTED,Batch 1,0,0
apartments,https://ovidhan.net/word/apartments.html,AUTO_PROTECTED,Batch 1,0,0
apathetic,https://ovidhan.net/word/apathetic.html,AUTO_PROTECTED,Batch 1,0,0
apathy,https://ovidhan.net/word/apathy.html,AUTO_PROTECTED,Batch 1,0,0
apex,https://ovidhan.net/word/apex.html,AUTO_PROTECTED,Batch 1,0,0
api,https://ovidhan.net/word/api.html,AUTO_PROTECTED,Batch 1,0,0
apocalypse,https://ovidhan.net/word/apocalypse.html,AUTO_PROTECTED,Batch 1,0,0
apology,https://ovidhan.net/word/apology.html,AUTO_PROTECTED,Batch 1,0,0
apostasy,https://ovidhan.net/word/apostasy.html,AUTO_PROTECTED,Batch 1,0,0
apostrophe,https://ovidhan.net/word/apostrophe.html,AUTO_PROTECTED,Batch 1,0,0
apparatus,https://ovidhan.net/word/apparatus.html,AUTO_PROTECTED,Batch 1,0,0
apparel,https://ovidhan.net/word/apparel.html,AUTO_PROTECTED,Batch 1,0,0
apparent,https://ovidhan.net/word/apparent.html,AUTO_PROTECTED,Batch 1,0,0
apparently,https://ovidhan.net/word/apparently.html,AUTO_PROTECTED,Batch 1,0,0
apparition,https://ovidhan.net/word/apparition.html,AUTO_PROTECTED,Batch 1,0,0
appeal,https://ovidhan.net/word/appeal.html,AUTO_PROTECTED,Batch 1,0,0
appear,https://ovidhan.net/word/appear.html,AUTO_PROTECTED,Batch 1,0,0
appearance,https://ovidhan.net/word/appearance.html,AUTO_PROTECTED,Batch 1,0,0
appeared,https://ovidhan.net/word/appeared.html,AUTO_PROTECTED,Batch 1,0,0
appears,https://ovidhan.net/word/appears.html,AUTO_PROTECTED,Batch 1,0,0
appease,https://ovidhan.net/word/appease.html,AUTO_PROTECTED,Batch 1,0,0
appellation,https://ovidhan.net/word/appellation.html,AUTO_PROTECTED,Batch 1,0,0
append,https://ovidhan.net/word/append.html,AUTO_PROTECTED,Batch 1,0,0
appendix,https://ovidhan.net/word/appendix.html,AUTO_PROTECTED,Batch 1,0,0
appetite,https://ovidhan.net/word/appetite.html,AUTO_PROTECTED,Batch 1,0,0
applaud,https://ovidhan.net/word/applaud.html,AUTO_PROTECTED,Batch 1,0,0
apple,https://ovidhan.net/word/apple.html,AUTO_PROTECTED,Batch 1,0,0
appliances,https://ovidhan.net/word/appliances.html,AUTO_PROTECTED,Batch 1,0,0
applicable,https://ovidhan.net/word/applicable.html,AUTO_PROTECTED,Batch 1,0,0
applicant,https://ovidhan.net/word/applicant.html,AUTO_PROTECTED,Batch 1,0,0
application,https://ovidhan.net/word/application.html,AUTO_PROTECTED,Batch 1,0,0
applications,https://ovidhan.net/word/applications.html,AUTO_PROTECTED,Batch 1,0,0
applied,https://ovidhan.net/word/applied.html,AUTO_PROTECTED,Batch 1,0,0
applies,https://ovidhan.net/word/applies.html,AUTO_PROTECTED,Batch 1,0,0
apply,https://ovidhan.net/word/apply.html,AUTO_PROTECTED,Batch 1,0,0
applying,https://ovidhan.net/word/applying.html,AUTO_PROTECTED,Batch 1,0,0
appoint,https://ovidhan.net/word/appoint.html,AUTO_PROTECTED,Batch 1,0,0
appointed,https://ovidhan.net/word/appointed.html,AUTO_PROTECTED,Batch 1,0,0
appointment,https://ovidhan.net/word/appointment.html,AUTO_PROTECTED,Batch 1,0,0
apportion,https://ovidhan.net/word/apportion.html,AUTO_PROTECTED,Batch 1,0,0
appraisal,https://ovidhan.net/word/appraisal.html,AUTO_PROTECTED,Batch 1,0,0
appraise,https://ovidhan.net/word/appraise.html,AUTO_PROTECTED,Batch 1,0,0
appreciate,https://ovidhan.net/word/appreciate.html,AUTO_PROTECTED,Batch 1,0,0
apprehend,https://ovidhan.net/word/apprehend.html,AUTO_PROTECTED,Batch 1,0,0
apprehension,https://ovidhan.net/word/apprehension.html,AUTO_PROTECTED,Batch 1,0,0
apprentice,https://ovidhan.net/word/apprentice.html,AUTO_PROTECTED,Batch 1,0,0
approach,https://ovidhan.net/word/approach.html,AUTO_PROTECTED,Batch 1,0,0
approaches,https://ovidhan.net/word/approaches.html,AUTO_PROTECTED,Batch 1,0,0
approbation,https://ovidhan.net/word/approbation.html,AUTO_PROTECTED,Batch 1,0,0
appropriate,https://ovidhan.net/word/appropriate.html,AUTO_PROTECTED,Batch 1,0,0
approval,https://ovidhan.net/word/approval.html,AUTO_PROTECTED,Batch 1,0,0
approve,https://ovidhan.net/word/approve.html,AUTO_PROTECTED,Batch 1,0,0
approved,https://ovidhan.net/word/approved.html,AUTO_PROTECTED,Batch 1,0,0
approximately,https://ovidhan.net/word/approximately.html,AUTO_PROTECTED,Batch 1,0,0
apr,https://ovidhan.net/word/apr.html,AUTO_PROTECTED,Batch 1,0,0
april,https://ovidhan.net/word/april.html,AUTO_PROTECTED,Batch 1,0,0
aptitude,https://ovidhan.net/word/aptitude.html,AUTO_PROTECTED,Batch 1,0,0
aquarium,https://ovidhan.net/word/aquarium.html,AUTO_PROTECTED,Batch 1,0,0
ar,https://ovidhan.net/word/ar.html,AUTO_PROTECTED,Batch 1,0,0
arab,https://ovidhan.net/word/arab.html,AUTO_PROTECTED,Batch 1,0,0
arbitrage,https://ovidhan.net/word/arbitrage.html,AUTO_PROTECTED,Batch 1,0,0
arbitrary,https://ovidhan.net/word/arbitrary.html,AUTO_PROTECTED,Batch 1,0,0
arc,https://ovidhan.net/word/arc.html,AUTO_PROTECTED,Batch 1,0,0
arcade,https://ovidhan.net/word/arcade.html,AUTO_PROTECTED,Batch 1,0,0
arch,https://ovidhan.net/word/arch.html,AUTO_PROTECTED,Batch 1,0,0
archaeology,https://ovidhan.net/word/archaeology.html,AUTO_PROTECTED,Batch 1,0,0
archaic,https://ovidhan.net/word/archaic.html,AUTO_PROTECTED,Batch 1,0,0
architecture,https://ovidhan.net/word/architecture.html,AUTO_PROTECTED,Batch 1,0,0
archive,https://ovidhan.net/word/archive.html,AUTO_PROTECTED,Batch 1,0,0
archives,https://ovidhan.net/word/archives.html,AUTO_PROTECTED,Batch 1,0,0
ardent,https://ovidhan.net/word/ardent.html,AUTO_PROTECTED,Batch 1,0,0
ardor,https://ovidhan.net/word/ardor.html,AUTO_PROTECTED,Batch 1,0,0
arduous,https://ovidhan.net/word/arduous.html,AUTO_PROTECTED,Batch 1,0,0
are,https://ovidhan.net/word/are.html,AUTO_PROTECTED,Batch 1,0,0
area,https://ovidhan.net/word/area.html,AUTO_PROTECTED,Batch 1,0,0
areas,https://ovidhan.net/word/areas.html,AUTO_PROTECTED,Batch 1,0,0
arena,https://ovidhan.net/word/arena.html,AUTO_PROTECTED,Batch 1,0,0
argentina,https://ovidhan.net/word/argentina.html,AUTO_PROTECTED,Batch 1,0,0
argue,https://ovidhan.net/word/argue.html,AUTO_PROTECTED,Batch 1,0,0
argument,https://ovidhan.net/word/argument.html,AUTO_PROTECTED,Batch 1,0,0
arguments,https://ovidhan.net/word/arguments.html,AUTO_PROTECTED,Batch 1,0,0
arid,https://ovidhan.net/word/arid.html,AUTO_PROTECTED,Batch 1,0,0
arise,https://ovidhan.net/word/arise.html,AUTO_PROTECTED,Batch 1,0,0
aristocracy,https://ovidhan.net/word/aristocracy.html,AUTO_PROTECTED,Batch 1,0,0
arithmetic,https://ovidhan.net/word/arithmetic.html,AUTO_PROTECTED,Batch 1,0,0
arizona,https://ovidhan.net/word/arizona.html,AUTO_PROTECTED,Batch 1,0,0
arkansas,https://ovidhan.net/word/arkansas.html,AUTO_PROTECTED,Batch 1,0,0
arm,https://ovidhan.net/word/arm.html,AUTO_PROTECTED,Batch 1,0,0
armada,https://ovidhan.net/word/armada.html,AUTO_PROTECTED,Batch 1,0,0
armed,https://ovidhan.net/word/armed.html,AUTO_PROTECTED,Batch 1,0,0
armor,https://ovidhan.net/word/armor.html,AUTO_PROTECTED,Batch 1,0,0
arms,https://ovidhan.net/word/arms.html,AUTO_PROTECTED,Batch 1,0,0
army,https://ovidhan.net/word/army.html,AUTO_PROTECTED,Batch 1,0,0
aroma,https://ovidhan.net/word/aroma.html,AUTO_PROTECTED,Batch 1,0,0
around,https://ovidhan.net/word/around.html,AUTO_PROTECTED,Batch 1,0,0
arouse,https://ovidhan.net/word/arouse.html,AUTO_PROTECTED,Batch 1,0,0
arrange,https://ovidhan.net/word/arrange.html,AUTO_PROTECTED,Batch 1,0,0
arrangements,https://ovidhan.net/word/arrangements.html,AUTO_PROTECTED,Batch 1,0,0
array,https://ovidhan.net/word/array.html,AUTO_PROTECTED,Batch 1,0,0
arrears,https://ovidhan.net/word/arrears.html,AUTO_PROTECTED,Batch 1,0,0
arrest,https://ovidhan.net/word/arrest.html,AUTO_PROTECTED,Batch 1,0,0
arrival,https://ovidhan.net/word/arrival.html,AUTO_PROTECTED,Batch 1,0,0
arrived,https://ovidhan.net/word/arrived.html,AUTO_PROTECTED,Batch 1,0,0
arrogance,https://ovidhan.net/word/arrogance.html,AUTO_PROTECTED,Batch 1,0,0
arrogant,https://ovidhan.net/word/arrogant.html,AUTO_PROTECTED,Batch 1,0,0
arrow,https://ovidhan.net/word/arrow.html,AUTO_PROTECTED,Batch 1,0,0
art,https://ovidhan.net/word/art.html,AUTO_PROTECTED,Batch 1,0,0
artery,https://ovidhan.net/word/artery.html,AUTO_PROTECTED,Batch 1,0,0
arthur,https://ovidhan.net/word/arthur.html,AUTO_PROTECTED,Batch 1,0,0
article,https://ovidhan.net/word/article.html,AUTO_PROTECTED,Batch 1,0,0
articles,https://ovidhan.net/word/articles.html,AUTO_PROTECTED,Batch 1,0,0
articulate,https://ovidhan.net/word/articulate.html,AUTO_PROTECTED,Batch 1,0,0
artifice,https://ovidhan.net/word/artifice.html,AUTO_PROTECTED,Batch 1,0,0
artisan,https://ovidhan.net/word/artisan.html,AUTO_PROTECTED,Batch 1,0,0
artist,https://ovidhan.net/word/artist.html,AUTO_PROTECTED,Batch 1,0,0
artistry,https://ovidhan.net/word/artistry.html,AUTO_PROTECTED,Batch 1,0,0
artists,https://ovidhan.net/word/artists.html,AUTO_PROTECTED,Batch 1,0,0
arts,https://ovidhan.net/word/arts.html,AUTO_PROTECTED,Batch 1,0,0
as,https://ovidhan.net/word/as.html,AUTO_PROTECTED,Batch 1,0,0
ascend,https://ovidhan.net/word/ascend.html,AUTO_PROTECTED,Batch 1,0,0
ascertain,https://ovidhan.net/word/ascertain.html,AUTO_PROTECTED,Batch 1,0,0
ascribe,https://ovidhan.net/word/ascribe.html,AUTO_PROTECTED,Batch 1,0,0
ashamed,https://ovidhan.net/word/ashamed.html,AUTO_PROTECTED,Batch 1,0,0
asia,https://ovidhan.net/word/asia.html,AUTO_PROTECTED,Batch 1,0,0
asian,https://ovidhan.net/word/asian.html,AUTO_PROTECTED,Batch 1,0,0
ask,https://ovidhan.net/word/ask.html,AUTO_PROTECTED,Batch 1,0,0
asked,https://ovidhan.net/word/asked.html,AUTO_PROTECTED,Batch 1,0,0
asking,https://ovidhan.net/word/asking.html,AUTO_PROTECTED,Batch 1,0,0
asp,https://ovidhan.net/word/asp.html,AUTO_PROTECTED,Batch 1,0,0
aspect,https://ovidhan.net/word/aspect.html,AUTO_PROTECTED,Batch 1,0,0
aspects,https://ovidhan.net/word/aspects.html,AUTO_PROTECTED,Batch 1,0,0
aspersion,https://ovidhan.net/word/aspersion.html,AUTO_PROTECTED,Batch 1,0,0
asphalt,https://ovidhan.net/word/asphalt.html,AUTO_PROTECTED,Batch 1,0,0
aspiration,https://ovidhan.net/word/aspiration.html,AUTO_PROTECTED,Batch 1,0,0
aspire,https://ovidhan.net/word/aspire.html,AUTO_PROTECTED,Batch 1,0,0
ass,https://ovidhan.net/word/ass.html,AUTO_PROTECTED,Batch 1,0,0
assail,https://ovidhan.net/word/assail.html,AUTO_PROTECTED,Batch 1,0,0
assassin,https://ovidhan.net/word/assassin.html,AUTO_PROTECTED,Batch 1,0,0
assault,https://ovidhan.net/word/assault.html,AUTO_PROTECTED,Batch 1,0,0
assemble,https://ovidhan.net/word/assemble.html,AUTO_PROTECTED,Batch 1,0,0
assembly,https://ovidhan.net/word/assembly.html,AUTO_PROTECTED,Batch 1,0,0
assert,https://ovidhan.net/word/assert.html,AUTO_PROTECTED,Batch 1,0,0
assess,https://ovidhan.net/word/assess.html,AUTO_PROTECTED,Batch 1,0,0
assessment,https://ovidhan.net/word/assessment.html,AUTO_PROTECTED,Batch 1,0,0
asset-backed,https://ovidhan.net/word/asset-backed.html,AUTO_PROTECTED,Batch 1,0,0
asset,https://ovidhan.net/word/asset.html,AUTO_PROTECTED,Batch 1,0,0
assets,https://ovidhan.net/word/assets.html,AUTO_PROTECTED,Batch 1,0,0
assiduous,https://ovidhan.net/word/assiduous.html,AUTO_PROTECTED,Batch 1,0,0
assign,https://ovidhan.net/word/assign.html,AUTO_PROTECTED,Batch 1,0,0
assigned,https://ovidhan.net/word/assigned.html,AUTO_PROTECTED,Batch 1,0,0
assignment,https://ovidhan.net/word/assignment.html,AUTO_PROTECTED,Batch 1,0,0
assimilate,https://ovidhan.net/word/assimilate.html,AUTO_PROTECTED,Batch 1,0,0
assimilation,https://ovidhan.net/word/assimilation.html,AUTO_PROTECTED,Batch 1,0,0
assist,https://ovidhan.net/word/assist.html,AUTO_PROTECTED,Batch 1,0,0
assistance,https://ovidhan.net/word/assistance.html,AUTO_PROTECTED,Batch 1,0,0
assistant,https://ovidhan.net/word/assistant.html,AUTO_PROTECTED,Batch 1,0,0
associate,https://ovidhan.net/word/associate.html,AUTO_PROTECTED,Batch 1,0,0
associated,https://ovidhan.net/word/associated.html,AUTO_PROTECTED,Batch 1,0,0
associates,https://ovidhan.net/word/associates.html,AUTO_PROTECTED,Batch 1,0,0
association,https://ovidhan.net/word/association.html,AUTO_PROTECTED,Batch 1,0,0
associations,https://ovidhan.net/word/associations.html,AUTO_PROTECTED,Batch 1,0,0
assorted,https://ovidhan.net/word/assorted.html,AUTO_PROTECTED,Batch 1,0,0
assume,https://ovidhan.net/word/assume.html,AUTO_PROTECTED,Batch 1,0,0
assumes,https://ovidhan.net/word/assumes.html,AUTO_PROTECTED,Batch 1,0,0
assumption,https://ovidhan.net/word/assumption.html,AUTO_PROTECTED,Batch 1,0,0
assurance,https://ovidhan.net/word/assurance.html,AUTO_PROTECTED,Batch 1,0,0
asteroid,https://ovidhan.net/word/asteroid.html,AUTO_PROTECTED,Batch 1,0,0
astound,https://ovidhan.net/word/astound.html,AUTO_PROTECTED,Batch 1,0,0
astray,https://ovidhan.net/word/astray.html,AUTO_PROTECTED,Batch 1,0,0
astronaut,https://ovidhan.net/word/astronaut.html,AUTO_PROTECTED,Batch 1,0,0
astute,https://ovidhan.net/word/astute.html,AUTO_PROTECTED,Batch 1,0,0
asylum,https://ovidhan.net/word/asylum.html,AUTO_PROTECTED,Batch 1,0,0
at,https://ovidhan.net/word/at.html,AUTO_PROTECTED,Batch 1,0,0
athlete,https://ovidhan.net/word/athlete.html,AUTO_PROTECTED,Batch 1,0,0
athletic,https://ovidhan.net/word/athletic.html,AUTO_PROTECTED,Batch 1,0,0
atlanta,https://ovidhan.net/word/atlanta.html,AUTO_PROTECTED,Batch 1,0,0
atlantic,https://ovidhan.net/word/atlantic.html,AUTO_PROTECTED,Batch 1,0,0
atlas,https://ovidhan.net/word/atlas.html,AUTO_PROTECTED,Batch 1,0,0
atmosphere,https://ovidhan.net/word/atmosphere.html,AUTO_PROTECTED,Batch 1,0,0
atom,https://ovidhan.net/word/atom.html,AUTO_PROTECTED,Batch 1,0,0
atrocity,https://ovidhan.net/word/atrocity.html,AUTO_PROTECTED,Batch 1,0,0
atrophy,https://ovidhan.net/word/atrophy.html,AUTO_PROTECTED,Batch 1,0,0
attach,https://ovidhan.net/word/attach.html,AUTO_PROTECTED,Batch 1,0,0
attached,https://ovidhan.net/word/attached.html,AUTO_PROTECTED,Batch 1,0,0
attachment,https://ovidhan.net/word/attachment.html,AUTO_PROTECTED,Batch 1,0,0
attack,https://ovidhan.net/word/attack.html,AUTO_PROTECTED,Batch 1,0,0
attacks,https://ovidhan.net/word/attacks.html,AUTO_PROTECTED,Batch 1,0,0
attain,https://ovidhan.net/word/attain.html,AUTO_PROTECTED,Batch 1,0,0
attempt,https://ovidhan.net/word/attempt.html,AUTO_PROTECTED,Batch 1,0,0
attend,https://ovidhan.net/word/attend.html,AUTO_PROTECTED,Batch 1,0,0
attendance,https://ovidhan.net/word/attendance.html,AUTO_PROTECTED,Batch 1,0,0
attention,https://ovidhan.net/word/attention.html,AUTO_PROTECTED,Batch 1,0,0
attenuate,https://ovidhan.net/word/attenuate.html,AUTO_PROTECTED,Batch 1,0,0
attest,https://ovidhan.net/word/attest.html,AUTO_PROTECTED,Batch 1,0,0
attitude,https://ovidhan.net/word/attitude.html,AUTO_PROTECTED,Batch 1,0,0
attorney,https://ovidhan.net/word/attorney.html,AUTO_PROTECTED,Batch 1,0,0
attorneys,https://ovidhan.net/word/attorneys.html,AUTO_PROTECTED,Batch 1,0,0
attract,https://ovidhan.net/word/attract.html,AUTO_PROTECTED,Batch 1,0,0
attractions,https://ovidhan.net/word/attractions.html,AUTO_PROTECTED,Batch 1,0,0
attribute,https://ovidhan.net/word/attribute.html,AUTO_PROTECTED,Batch 1,0,0
attributes,https://ovidhan.net/word/attributes.html,AUTO_PROTECTED,Batch 1,0,0
au,https://ovidhan.net/word/au.html,AUTO_PROTECTED,Batch 1,0,0
auction,https://ovidhan.net/word/auction.html,AUTO_PROTECTED,Batch 1,0,0
auctions,https://ovidhan.net/word/auctions.html,AUTO_PROTECTED,Batch 1,0,0
aud,https://ovidhan.net/word/aud.html,AUTO_PROTECTED,Batch 1,0,0
audacious,https://ovidhan.net/word/audacious.html,AUTO_PROTECTED,Batch 1,0,0
audacity,https://ovidhan.net/word/audacity.html,AUTO_PROTECTED,Batch 1,0,0
audible,https://ovidhan.net/word/audible.html,AUTO_PROTECTED,Batch 1,0,0
audience,https://ovidhan.net/word/audience.html,AUTO_PROTECTED,Batch 1,0,0
audio,https://ovidhan.net/word/audio.html,AUTO_PROTECTED,Batch 1,0,0
audit,https://ovidhan.net/word/audit.html,AUTO_PROTECTED,Batch 1,0,0
auditor,https://ovidhan.net/word/auditor.html,AUTO_PROTECTED,Batch 1,0,0
aug,https://ovidhan.net/word/aug.html,AUTO_PROTECTED,Batch 1,0,0
augment,https://ovidhan.net/word/augment.html,AUTO_PROTECTED,Batch 1,0,0
august,https://ovidhan.net/word/august.html,AUTO_PROTECTED,Batch 1,0,0
auspices,https://ovidhan.net/word/auspices.html,AUTO_PROTECTED,Batch 1,0,0
auspicious,https://ovidhan.net/word/auspicious.html,AUTO_PROTECTED,Batch 1,0,0
austere,https://ovidhan.net/word/austere.html,AUTO_PROTECTED,Batch 1,0,0
austin,https://ovidhan.net/word/austin.html,AUTO_PROTECTED,Batch 1,0,0
australia,https://ovidhan.net/word/australia.html,AUTO_PROTECTED,Batch 1,0,0
australian,https://ovidhan.net/word/australian.html,AUTO_PROTECTED,Batch 1,0,0
austria,https://ovidhan.net/word/austria.html,AUTO_PROTECTED,Batch 1,0,0
authentic,https://ovidhan.net/word/authentic.html,AUTO_PROTECTED,Batch 1,0,0
authenticate,https://ovidhan.net/word/authenticate.html,AUTO_PROTECTED,Batch 1,0,0
author,https://ovidhan.net/word/author.html,AUTO_PROTECTED,Batch 1,0,0
authoritarian,https://ovidhan.net/word/authoritarian.html,AUTO_PROTECTED,Batch 1,0,0
authoritative,https://ovidhan.net/word/authoritative.html,AUTO_PROTECTED,Batch 1,0,0
authorities,https://ovidhan.net/word/authorities.html,AUTO_PROTECTED,Batch 1,0,0
authority,https://ovidhan.net/word/authority.html,AUTO_PROTECTED,Batch 1,0,0
authorize,https://ovidhan.net/word/authorize.html,AUTO_PROTECTED,Batch 1,0,0
authorized,https://ovidhan.net/word/authorized.html,AUTO_PROTECTED,Batch 1,0,0
authors,https://ovidhan.net/word/authors.html,AUTO_PROTECTED,Batch 1,0,0
auto,https://ovidhan.net/word/auto.html,AUTO_PROTECTED,Batch 1,0,0
autograph,https://ovidhan.net/word/autograph.html,AUTO_PROTECTED,Batch 1,0,0
automate,https://ovidhan.net/word/automate.html,AUTO_PROTECTED,Batch 1,0,0
automatic,https://ovidhan.net/word/automatic.html,AUTO_PROTECTED,Batch 1,0,0
automatically,https://ovidhan.net/word/automatically.html,AUTO_PROTECTED,Batch 1,0,0
automation,https://ovidhan.net/word/automation.html,AUTO_PROTECTED,Batch 1,0,0
automotive,https://ovidhan.net/word/automotive.html,AUTO_PROTECTED,Batch 1,0,0
autonomous,https://ovidhan.net/word/autonomous.html,AUTO_PROTECTED,Batch 1,0,0
autonomy,https://ovidhan.net/word/autonomy.html,AUTO_PROTECTED,Batch 1,0,0
av,https://ovidhan.net/word/av.html,AUTO_PROTECTED,Batch 1,0,0
avail,https://ovidhan.net/word/avail.html,AUTO_PROTECTED,Batch 1,0,0
availability,https://ovidhan.net/word/availability.html,AUTO_PROTECTED,Batch 1,0,0
available,https://ovidhan.net/word/available.html,AUTO_PROTECTED,Batch 1,0,0
avalanche,https://ovidhan.net/word/avalanche.html,AUTO_PROTECTED,Batch 1,0,0
avarice,https://ovidhan.net/word/avarice.html,AUTO_PROTECTED,Batch 1,0,0
avatar,https://ovidhan.net/word/avatar.html,AUTO_PROTECTED,Batch 1,0,0
ave,https://ovidhan.net/word/ave.html,AUTO_PROTECTED,Batch 1,0,0
avenue,https://ovidhan.net/word/avenue.html,AUTO_PROTECTED,Batch 1,0,0
average,https://ovidhan.net/word/average.html,AUTO_PROTECTED,Batch 1,0,0
averse,https://ovidhan.net/word/averse.html,AUTO_PROTECTED,Batch 1,0,0
aversion,https://ovidhan.net/word/aversion.html,AUTO_PROTECTED,Batch 1,0,0
avg,https://ovidhan.net/word/avg.html,AUTO_PROTECTED,Batch 1,0,0
aviation,https://ovidhan.net/word/aviation.html,AUTO_PROTECTED,Batch 1,0,0
avid,https://ovidhan.net/word/avid.html,AUTO_PROTECTED,Batch 1,0,0
avoid,https://ovidhan.net/word/avoid.html,AUTO_PROTECTED,Batch 1,0,0
avow,https://ovidhan.net/word/avow.html,AUTO_PROTECTED,Batch 1,0,0
await,https://ovidhan.net/word/await.html,AUTO_PROTECTED,Batch 1,0,0
awake,https://ovidhan.net/word/awake.html,AUTO_PROTECTED,Batch 1,0,0
award,https://ovidhan.net/word/award.html,AUTO_PROTECTED,Batch 1,0,0
awarded,https://ovidhan.net/word/awarded.html,AUTO_PROTECTED,Batch 1,0,0
awards,https://ovidhan.net/word/awards.html,AUTO_PROTECTED,Batch 1,0,0
aware,https://ovidhan.net/word/aware.html,AUTO_PROTECTED,Batch 1,0,0
awareness,https://ovidhan.net/word/awareness.html,AUTO_PROTECTED,Batch 1,0,0
away,https://ovidhan.net/word/away.html,AUTO_PROTECTED,Batch 1,0,0
awesome,https://ovidhan.net/word/awesome.html,AUTO_PROTECTED,Batch 1,0,0
awful,https://ovidhan.net/word/awful.html,AUTO_PROTECTED,Batch 1,0,0
awkward,https://ovidhan.net/word/awkward.html,AUTO_PROTECTED,Batch 1,0,0
awry,https://ovidhan.net/word/awry.html,AUTO_PROTECTED,Batch 1,0,0
axis,https://ovidhan.net/word/axis.html,AUTO_PROTECTED,Batch 1,0,0
axle,https://ovidhan.net/word/axle.html,AUTO_PROTECTED,Batch 1,0,0
az,https://ovidhan.net/word/az.html,AUTO_PROTECTED,Batch 1,0,0
b,https://ovidhan.net/word/b.html,AUTO_PROTECTED,Batch 1,0,0
ba,https://ovidhan.net/word/ba.html,AUTO_PROTECTED,Batch 1,0,0
babble,https://ovidhan.net/word/babble.html,AUTO_PROTECTED,Batch 1,0,0
babe,https://ovidhan.net/word/babe.html,AUTO_PROTECTED,Batch 1,0,0
babes,https://ovidhan.net/word/babes.html,AUTO_PROTECTED,Batch 1,0,0
baby,https://ovidhan.net/word/baby.html,AUTO_PROTECTED,Batch 1,0,0
back,https://ovidhan.net/word/back.html,AUTO_PROTECTED,Batch 1,0,0
backdrop,https://ovidhan.net/word/backdrop.html,AUTO_PROTECTED,Batch 1,0,0
backfire,https://ovidhan.net/word/backfire.html,AUTO_PROTECTED,Batch 1,0,0
background,https://ovidhan.net/word/background.html,AUTO_PROTECTED,Batch 1,0,0
backlash,https://ovidhan.net/word/backlash.html,AUTO_PROTECTED,Batch 1,0,0
backlog,https://ovidhan.net/word/backlog.html,AUTO_PROTECTED,Batch 1,0,0
backup,https://ovidhan.net/word/backup.html,AUTO_PROTECTED,Batch 1,0,0
backward,https://ovidhan.net/word/backward.html,AUTO_PROTECTED,Batch 1,0,0
bad,https://ovidhan.net/word/bad.html,AUTO_PROTECTED,Batch 1,0,0
baffle,https://ovidhan.net/word/baffle.html,AUTO_PROTECTED,Batch 1,0,0
bag,https://ovidhan.net/word/bag.html,AUTO_PROTECTED,Batch 1,0,0
bags,https://ovidhan.net/word/bags.html,AUTO_PROTECTED,Batch 1,0,0
bail,https://ovidhan.net/word/bail.html,AUTO_PROTECTED,Batch 1,0,0
bait,https://ovidhan.net/word/bait.html,AUTO_PROTECTED,Batch 1,0,0
baker,https://ovidhan.net/word/baker.html,AUTO_PROTECTED,Batch 1,0,0
balance,https://ovidhan.net/word/balance.html,AUTO_PROTECTED,Batch 1,0,0
balcony,https://ovidhan.net/word/balcony.html,AUTO_PROTECTED,Batch 1,0,0
bald,https://ovidhan.net/word/bald.html,AUTO_PROTECTED,Batch 1,0,0
ball,https://ovidhan.net/word/ball.html,AUTO_PROTECTED,Batch 1,0,0
ballet,https://ovidhan.net/word/ballet.html,AUTO_PROTECTED,Batch 1,0,0
ballistic,https://ovidhan.net/word/ballistic.html,AUTO_PROTECTED,Batch 1,0,0
balloon,https://ovidhan.net/word/balloon.html,AUTO_PROTECTED,Batch 1,0,0
ballot,https://ovidhan.net/word/ballot.html,AUTO_PROTECTED,Batch 1,0,0
balls,https://ovidhan.net/word/balls.html,AUTO_PROTECTED,Batch 1,0,0
baltimore,https://ovidhan.net/word/baltimore.html,AUTO_PROTECTED,Batch 1,0,0
bamboo,https://ovidhan.net/word/bamboo.html,AUTO_PROTECTED,Batch 1,0,0
ban,https://ovidhan.net/word/ban.html,AUTO_PROTECTED,Batch 1,0,0
band,https://ovidhan.net/word/band.html,AUTO_PROTECTED,Batch 1,0,0
bands,https://ovidhan.net/word/bands.html,AUTO_PROTECTED,Batch 1,0,0
bang,https://ovidhan.net/word/bang.html,AUTO_PROTECTED,Batch 1,0,0
banish,https://ovidhan.net/word/banish.html,AUTO_PROTECTED,Batch 1,0,0
banister,https://ovidhan.net/word/banister.html,AUTO_PROTECTED,Batch 1,0,0
bank,https://ovidhan.net/word/bank.html,AUTO_PROTECTED,Batch 1,0,0
banking,https://ovidhan.net/word/banking.html,AUTO_PROTECTED,Batch 1,0,0
bankrupt,https://ovidhan.net/word/bankrupt.html,AUTO_PROTECTED,Batch 1,0,0
bankruptcy,https://ovidhan.net/word/bankruptcy.html,AUTO_PROTECTED,Batch 1,0,0
banks,https://ovidhan.net/word/banks.html,AUTO_PROTECTED,Batch 1,0,0
banner,https://ovidhan.net/word/banner.html,AUTO_PROTECTED,Batch 1,0,0
banquet,https://ovidhan.net/word/banquet.html,AUTO_PROTECTED,Batch 1,0,0
bar,https://ovidhan.net/word/bar.html,AUTO_PROTECTED,Batch 1,0,0
barbara,https://ovidhan.net/word/barbara.html,AUTO_PROTECTED,Batch 1,0,0
barbaric,https://ovidhan.net/word/barbaric.html,AUTO_PROTECTED,Batch 1,6,0
barbeque,https://ovidhan.net/word/barbeque.html,AUTO_PROTECTED,Batch 1,0,0
bare,https://ovidhan.net/word/bare.html,AUTO_PROTECTED,Batch 1,0,0
bargain,https://ovidhan.net/word/bargain.html,AUTO_PROTECTED,Batch 1,0,0
barge,https://ovidhan.net/word/barge.html,AUTO_PROTECTED,Batch 1,0,0
baritone,https://ovidhan.net/word/baritone.html,AUTO_PROTECTED,Batch 1,0,0
bark,https://ovidhan.net/word/bark.html,AUTO_PROTECTED,Batch 1,0,0
barley,https://ovidhan.net/word/barley.html,AUTO_PROTECTED,Batch 1,0,0
barn,https://ovidhan.net/word/barn.html,AUTO_PROTECTED,Batch 1,0,0
baron,https://ovidhan.net/word/baron.html,AUTO_PROTECTED,Batch 1,0,0
barracks,https://ovidhan.net/word/barracks.html,AUTO_PROTECTED,Batch 1,0,0
barren,https://ovidhan.net/word/barren.html,AUTO_PROTECTED,Batch 1,0,0
barricade,https://ovidhan.net/word/barricade.html,AUTO_PROTECTED,Batch 1,0,0
barrier,https://ovidhan.net/word/barrier.html,AUTO_PROTECTED,Batch 1,0,0
bars,https://ovidhan.net/word/bars.html,AUTO_PROTECTED,Batch 1,0,0
barter,https://ovidhan.net/word/barter.html,AUTO_PROTECTED,Batch 1,0,0
base,https://ovidhan.net/word/base.html,AUTO_PROTECTED,Batch 1,0,0
baseball,https://ovidhan.net/word/baseball.html,AUTO_PROTECTED,Batch 1,0,0
based,https://ovidhan.net/word/based.html,AUTO_PROTECTED,Batch 1,0,0
basement,https://ovidhan.net/word/basement.html,AUTO_PROTECTED,Batch 1,0,0
bashful,https://ovidhan.net/word/bashful.html,AUTO_PROTECTED,Batch 1,0,0
basic,https://ovidhan.net/word/basic.html,AUTO_PROTECTED,Batch 1,0,0
basin,https://ovidhan.net/word/basin.html,AUTO_PROTECTED,Batch 1,0,0
basis,https://ovidhan.net/word/basis.html,AUTO_PROTECTED,Batch 1,0,0
basket,https://ovidhan.net/word/basket.html,AUTO_PROTECTED,Batch 1,0,0
basketball,https://ovidhan.net/word/basketball.html,AUTO_PROTECTED,Batch 1,0,0
bass,https://ovidhan.net/word/bass.html,AUTO_PROTECTED,Batch 1,0,0
bastard,https://ovidhan.net/word/bastard.html,AUTO_PROTECTED,Batch 1,0,0
bat,https://ovidhan.net/word/bat.html,AUTO_PROTECTED,Batch 1,0,0
batch,https://ovidhan.net/word/batch.html,AUTO_PROTECTED,Batch 1,0,0
bath,https://ovidhan.net/word/bath.html,AUTO_PROTECTED,Batch 1,0,0
bathroom,https://ovidhan.net/word/bathroom.html,AUTO_PROTECTED,Batch 1,0,0
batter,https://ovidhan.net/word/batter.html,AUTO_PROTECTED,Batch 1,0,0
batteries,https://ovidhan.net/word/batteries.html,AUTO_PROTECTED,Batch 1,0,0
battery,https://ovidhan.net/word/battery.html,AUTO_PROTECTED,Batch 1,0,0
battle,https://ovidhan.net/word/battle.html,AUTO_PROTECTED,Batch 1,0,0
bay,https://ovidhan.net/word/bay.html,AUTO_PROTECTED,Batch 1,0,0
bazaar,https://ovidhan.net/word/bazaar.html,AUTO_PROTECTED,Batch 1,0,0
bb,https://ovidhan.net/word/bb.html,AUTO_PROTECTED,Batch 1,0,0
bbc,https://ovidhan.net/word/bbc.html,AUTO_PROTECTED,Batch 1,0,0
bc,https://ovidhan.net/word/bc.html,AUTO_PROTECTED,Batch 1,0,0
be,https://ovidhan.net/word/be.html,AUTO_PROTECTED,Batch 1,0,0
beach,https://ovidhan.net/word/beach.html,AUTO_PROTECTED,Batch 1,0,0
beacon,https://ovidhan.net/word/beacon.html,AUTO_PROTECTED,Batch 1,0,0
bead,https://ovidhan.net/word/bead.html,AUTO_PROTECTED,Batch 1,0,0
beak,https://ovidhan.net/word/beak.html,AUTO_PROTECTED,Batch 1,0,0
beam,https://ovidhan.net/word/beam.html,AUTO_PROTECTED,Batch 1,0,0
bean,https://ovidhan.net/word/bean.html,AUTO_PROTECTED,Batch 1,0,0
bear,https://ovidhan.net/word/bear.html,AUTO_PROTECTED,Batch 1,0,0
beard,https://ovidhan.net/word/beard.html,AUTO_PROTECTED,Batch 1,0,0
bearing,https://ovidhan.net/word/bearing.html,AUTO_PROTECTED,Batch 1,0,0
bears,https://ovidhan.net/word/bears.html,AUTO_PROTECTED,Batch 1,0,0
beast,https://ovidhan.net/word/beast.html,AUTO_PROTECTED,Batch 1,0,0
beastiality,https://ovidhan.net/word/beastiality.html,AUTO_PROTECTED,Batch 1,0,0
beat,https://ovidhan.net/word/beat.html,AUTO_PROTECTED,Batch 1,0,0
beatitude,https://ovidhan.net/word/beatitude.html,AUTO_PROTECTED,Batch 1,0,0
beautiful,https://ovidhan.net/word/beautiful.html,AUTO_PROTECTED,Batch 1,0,0
beauty,https://ovidhan.net/word/beauty.html,AUTO_PROTECTED,Batch 1,0,0
became,https://ovidhan.net/word/became.html,AUTO_PROTECTED,Batch 1,0,0
because,https://ovidhan.net/word/because.html,AUTO_PROTECTED,Batch 1,0,0
beckon,https://ovidhan.net/word/beckon.html,AUTO_PROTECTED,Batch 1,0,0
become,https://ovidhan.net/word/become.html,AUTO_PROTECTED,Batch 1,0,0
becomes,https://ovidhan.net/word/becomes.html,AUTO_PROTECTED,Batch 1,0,0
becoming,https://ovidhan.net/word/becoming.html,AUTO_PROTECTED,Batch 1,0,0
bed,https://ovidhan.net/word/bed.html,AUTO_PROTECTED,Batch 1,0,0
bedrock,https://ovidhan.net/word/bedrock.html,AUTO_PROTECTED,Batch 1,0,0
bedroom,https://ovidhan.net/word/bedroom.html,AUTO_PROTECTED,Batch 1,0,0
bedrooms,https://ovidhan.net/word/bedrooms.html,AUTO_PROTECTED,Batch 1,0,0
beds,https://ovidhan.net/word/beds.html,AUTO_PROTECTED,Batch 1,0,0
beef,https://ovidhan.net/word/beef.html,AUTO_PROTECTED,Batch 1,0,0
been,https://ovidhan.net/word/been.html,AUTO_PROTECTED,Batch 1,0,0
beer,https://ovidhan.net/word/beer.html,AUTO_PROTECTED,Batch 1,0,0
beetle,https://ovidhan.net/word/beetle.html,AUTO_PROTECTED,Batch 1,0,0
befit,https://ovidhan.net/word/befit.html,AUTO_PROTECTED,Batch 1,0,0
before,https://ovidhan.net/word/before.html,AUTO_PROTECTED,Batch 1,0,0
beforehand,https://ovidhan.net/word/beforehand.html,AUTO_PROTECTED,Batch 1,0,0
began,https://ovidhan.net/word/began.html,AUTO_PROTECTED,Batch 1,0,0
beggar,https://ovidhan.net/word/beggar.html,AUTO_PROTECTED,Batch 1,0,0
begin,https://ovidhan.net/word/begin.html,AUTO_PROTECTED,Batch 1,0,0
beginning,https://ovidhan.net/word/beginning.html,AUTO_PROTECTED,Batch 1,0,0
begins,https://ovidhan.net/word/begins.html,AUTO_PROTECTED,Batch 1,0,0
behalf,https://ovidhan.net/word/behalf.html,AUTO_PROTECTED,Batch 1,0,0
behavior,https://ovidhan.net/word/behavior.html,AUTO_PROTECTED,Batch 1,0,0
behind,https://ovidhan.net/word/behind.html,AUTO_PROTECTED,Batch 1,0,0
behold,https://ovidhan.net/word/behold.html,AUTO_PROTECTED,Batch 1,0,0
being,https://ovidhan.net/word/being.html,AUTO_PROTECTED,Batch 1,0,0
belated,https://ovidhan.net/word/belated.html,AUTO_PROTECTED,Batch 1,0,0
belch,https://ovidhan.net/word/belch.html,AUTO_PROTECTED,Batch 1,0,0
belgium,https://ovidhan.net/word/belgium.html,AUTO_PROTECTED,Batch 1,0,0
belief,https://ovidhan.net/word/belief.html,AUTO_PROTECTED,Batch 1,0,0
believe,https://ovidhan.net/word/believe.html,AUTO_PROTECTED,Batch 1,0,0
believed,https://ovidhan.net/word/believed.html,AUTO_PROTECTED,Batch 1,0,0
bell,https://ovidhan.net/word/bell.html,AUTO_PROTECTED,Batch 1,0,0
belligerent,https://ovidhan.net/word/belligerent.html,AUTO_PROTECTED,Batch 1,0,0
belly,https://ovidhan.net/word/belly.html,AUTO_PROTECTED,Batch 1,0,0
belong,https://ovidhan.net/word/belong.html,AUTO_PROTECTED,Batch 1,0,0
beloved,https://ovidhan.net/word/beloved.html,AUTO_PROTECTED,Batch 1,0,0
below,https://ovidhan.net/word/below.html,AUTO_PROTECTED,Batch 1,0,0
belt,https://ovidhan.net/word/belt.html,AUTO_PROTECTED,Batch 1,0,0
ben,https://ovidhan.net/word/ben.html,AUTO_PROTECTED,Batch 1,0,0
bench,https://ovidhan.net/word/bench.html,AUTO_PROTECTED,Batch 1,0,0
benchmark,https://ovidhan.net/word/benchmark.html,AUTO_PROTECTED,Batch 1,0,0
benefactor,https://ovidhan.net/word/benefactor.html,AUTO_PROTECTED,Batch 1,0,0
beneficial,https://ovidhan.net/word/beneficial.html,AUTO_PROTECTED,Batch 1,0,0
benefit,https://ovidhan.net/word/benefit.html,AUTO_PROTECTED,Batch 1,0,0
benefits,https://ovidhan.net/word/benefits.html,AUTO_PROTECTED,Batch 1,0,0
benevolent,https://ovidhan.net/word/benevolent.html,AUTO_PROTECTED,Batch 1,0,0
benign,https://ovidhan.net/word/benign.html,AUTO_PROTECTED,Batch 1,0,0
berlin,https://ovidhan.net/word/berlin.html,AUTO_PROTECTED,Batch 1,0,0
besiege,https://ovidhan.net/word/besiege.html,AUTO_PROTECTED,Batch 1,0,0
best,https://ovidhan.net/word/best.html,AUTO_PROTECTED,Batch 1,0,0
bestiality,https://ovidhan.net/word/bestiality.html,AUTO_PROTECTED,Batch 1,0,0
bestow,https://ovidhan.net/word/bestow.html,AUTO_PROTECTED,Batch 1,0,0
bet,https://ovidhan.net/word/bet.html,AUTO_PROTECTED,Batch 1,0,0
beta,https://ovidhan.net/word/beta.html,AUTO_PROTECTED,Batch 1,0,0
betray,https://ovidhan.net/word/betray.html,AUTO_PROTECTED,Batch 1,0,0
better,https://ovidhan.net/word/better.html,AUTO_PROTECTED,Batch 1,0,0
betting,https://ovidhan.net/word/betting.html,AUTO_PROTECTED,Batch 1,0,0
between,https://ovidhan.net/word/between.html,AUTO_PROTECTED,Batch 1,0,0
beware,https://ovidhan.net/word/beware.html,AUTO_PROTECTED,Batch 1,0,0
bewilder,https://ovidhan.net/word/bewilder.html,AUTO_PROTECTED,Batch 1,0,0
beyond,https://ovidhan.net/word/beyond.html,AUTO_PROTECTED,Batch 1,0,0
bias,https://ovidhan.net/word/bias.html,AUTO_PROTECTED,Batch 1,0,0
bible,https://ovidhan.net/word/bible.html,AUTO_PROTECTED,Batch 1,0,0
bicycle,https://ovidhan.net/word/bicycle.html,AUTO_PROTECTED,Batch 1,0,0
bid,https://ovidhan.net/word/bid.html,AUTO_PROTECTED,Batch 1,0,0
bidder,https://ovidhan.net/word/bidder.html,AUTO_PROTECTED,Batch 1,0,0
bidding,https://ovidhan.net/word/bidding.html,AUTO_PROTECTED,Batch 1,0,0
bids,https://ovidhan.net/word/bids.html,AUTO_PROTECTED,Batch 1,0,0
big,https://ovidhan.net/word/big.html,AUTO_PROTECTED,Batch 1,0,0
biggest,https://ovidhan.net/word/biggest.html,AUTO_PROTECTED,Batch 1,0,0
bike,https://ovidhan.net/word/bike.html,AUTO_PROTECTED,Batch 1,0,0
bilateral,https://ovidhan.net/word/bilateral.html,AUTO_PROTECTED,Batch 1,0,0
bilingual,https://ovidhan.net/word/bilingual.html,AUTO_PROTECTED,Batch 1,0,0
bill,https://ovidhan.net/word/bill.html,AUTO_PROTECTED,Batch 1,0,0
billion,https://ovidhan.net/word/billion.html,AUTO_PROTECTED,Batch 1,0,0
bills,https://ovidhan.net/word/bills.html,AUTO_PROTECTED,Batch 1,0,0
billy,https://ovidhan.net/word/billy.html,AUTO_PROTECTED,Batch 1,0,0
bin,https://ovidhan.net/word/bin.html,AUTO_PROTECTED,Batch 1,0,0
bind,https://ovidhan.net/word/bind.html,AUTO_PROTECTED,Batch 1,0,0
binding,https://ovidhan.net/word/binding.html,AUTO_PROTECTED,Batch 1,0,0
bio,https://ovidhan.net/word/bio.html,AUTO_PROTECTED,Batch 1,0,0
biography,https://ovidhan.net/word/biography.html,AUTO_PROTECTED,Batch 1,0,0
biological,https://ovidhan.net/word/biological.html,AUTO_PROTECTED,Batch 1,0,0
biology,https://ovidhan.net/word/biology.html,AUTO_PROTECTED,Batch 1,0,0
bird,https://ovidhan.net/word/bird.html,AUTO_PROTECTED,Batch 1,0,0
birds,https://ovidhan.net/word/birds.html,AUTO_PROTECTED,Batch 1,0,0
birmingham,https://ovidhan.net/word/birmingham.html,AUTO_PROTECTED,Batch 1,0,0
birth,https://ovidhan.net/word/birth.html,AUTO_PROTECTED,Batch 1,0,0
birthday,https://ovidhan.net/word/birthday.html,AUTO_PROTECTED,Batch 1,0,0
bishop,https://ovidhan.net/word/bishop.html,AUTO_PROTECTED,Batch 1,0,0
bit,https://ovidhan.net/word/bit.html,AUTO_PROTECTED,Batch 1,0,0
bits,https://ovidhan.net/word/bits.html,AUTO_PROTECTED,Batch 1,0,0
biz,https://ovidhan.net/word/biz.html,AUTO_PROTECTED,Batch 1,0,0
bizarre,https://ovidhan.net/word/bizarre.html,AUTO_PROTECTED,Batch 1,0,0
black,https://ovidhan.net/word/black.html,AUTO_PROTECTED,Batch 1,0,0
blackjack,https://ovidhan.net/word/blackjack.html,AUTO_PROTECTED,Batch 1,0,0
blackmail,https://ovidhan.net/word/blackmail.html,AUTO_PROTECTED,Batch 1,0,0
blade,https://ovidhan.net/word/blade.html,AUTO_PROTECTED,Batch 1,0,0
blame,https://ovidhan.net/word/blame.html,AUTO_PROTECTED,Batch 1,0,0
blank,https://ovidhan.net/word/blank.html,AUTO_PROTECTED,Batch 1,0,0
blasphemy,https://ovidhan.net/word/blasphemy.html,AUTO_PROTECTED,Batch 1,0,0
blast,https://ovidhan.net/word/blast.html,AUTO_PROTECTED,Batch 1,0,0
blatant,https://ovidhan.net/word/blatant.html,AUTO_PROTECTED,Batch 1,0,0
blaze,https://ovidhan.net/word/blaze.html,AUTO_PROTECTED,Batch 1,0,0
bleach,https://ovidhan.net/word/bleach.html,AUTO_PROTECTED,Batch 1,0,0
bleed,https://ovidhan.net/word/bleed.html,AUTO_PROTECTED,Batch 1,0,0
blend,https://ovidhan.net/word/blend.html,AUTO_PROTECTED,Batch 1,0,0
bless,https://ovidhan.net/word/bless.html,AUTO_PROTECTED,Batch 1,0,0
blight,https://ovidhan.net/word/blight.html,AUTO_PROTECTED,Batch 1,0,0
blind,https://ovidhan.net/word/blind.html,AUTO_PROTECTED,Batch 1,0,0
blink,https://ovidhan.net/word/blink.html,AUTO_PROTECTED,Batch 1,0,0
bliss,https://ovidhan.net/word/bliss.html,AUTO_PROTECTED,Batch 1,0,0
blister,https://ovidhan.net/word/blister.html,AUTO_PROTECTED,Batch 1,0,0
blizzard,https://ovidhan.net/word/blizzard.html,AUTO_PROTECTED,Batch 1,0,0
bloat,https://ovidhan.net/word/bloat.html,AUTO_PROTECTED,Batch 1,0,0
block,https://ovidhan.net/word/block.html,AUTO_PROTECTED,Batch 1,0,0
blockade,https://ovidhan.net/word/blockade.html,AUTO_PROTECTED,Batch 1,0,0
blocks,https://ovidhan.net/word/blocks.html,AUTO_PROTECTED,Batch 1,0,0
blog,https://ovidhan.net/word/blog.html,AUTO_PROTECTED,Batch 1,0,0
blogger,https://ovidhan.net/word/blogger.html,AUTO_PROTECTED,Batch 1,0,0
blogs,https://ovidhan.net/word/blogs.html,AUTO_PROTECTED,Batch 1,0,0
blond,https://ovidhan.net/word/blond.html,AUTO_PROTECTED,Batch 1,0,0
blonde,https://ovidhan.net/word/blonde.html,AUTO_PROTECTED,Batch 1,0,0
blood,https://ovidhan.net/word/blood.html,AUTO_PROTECTED,Batch 1,0,0
bloom,https://ovidhan.net/word/bloom.html,AUTO_PROTECTED,Batch 1,0,0
blossom,https://ovidhan.net/word/blossom.html,AUTO_PROTECTED,Batch 1,0,0
blouse,https://ovidhan.net/word/blouse.html,AUTO_PROTECTED,Batch 1,0,0
blow,https://ovidhan.net/word/blow.html,AUTO_PROTECTED,Batch 1,0,0
blowjob,https://ovidhan.net/word/blowjob.html,AUTO_PROTECTED,Batch 1,0,0
blowjobs,https://ovidhan.net/word/blowjobs.html,AUTO_PROTECTED,Batch 1,0,0
blue,https://ovidhan.net/word/blue.html,AUTO_PROTECTED,Batch 1,0,0
blueprint,https://ovidhan.net/word/blueprint.html,AUTO_PROTECTED,Batch 1,0,0
blues,https://ovidhan.net/word/blues.html,AUTO_PROTECTED,Batch 1,0,0
bluetooth,https://ovidhan.net/word/bluetooth.html,AUTO_PROTECTED,Batch 1,0,0
bluff,https://ovidhan.net/word/bluff.html,AUTO_PROTECTED,Batch 1,0,0
blunder,https://ovidhan.net/word/blunder.html,AUTO_PROTECTED,Batch 1,0,0
blunt,https://ovidhan.net/word/blunt.html,AUTO_PROTECTED,Batch 1,0,0
blush,https://ovidhan.net/word/blush.html,AUTO_PROTECTED,Batch 1,0,0
blvd,https://ovidhan.net/word/blvd.html,AUTO_PROTECTED,Batch 1,0,0
bmw,https://ovidhan.net/word/bmw.html,AUTO_PROTECTED,Batch 1,0,0
board,https://ovidhan.net/word/board.html,AUTO_PROTECTED,Batch 1,0,0
boardroom,https://ovidhan.net/word/boardroom.html,AUTO_PROTECTED,Batch 1,0,0
boards,https://ovidhan.net/word/boards.html,AUTO_PROTECTED,Batch 1,0,0
boast,https://ovidhan.net/word/boast.html,AUTO_PROTECTED,Batch 1,0,0
boat,https://ovidhan.net/word/boat.html,AUTO_PROTECTED,Batch 1,0,0
boats,https://ovidhan.net/word/boats.html,AUTO_PROTECTED,Batch 1,0,0
bob,https://ovidhan.net/word/bob.html,AUTO_PROTECTED,Batch 1,0,0
bodies,https://ovidhan.net/word/bodies.html,AUTO_PROTECTED,Batch 1,0,0
body,https://ovidhan.net/word/body.html,AUTO_PROTECTED,Batch 1,0,0
bogus,https://ovidhan.net/word/bogus.html,AUTO_PROTECTED,Batch 1,0,0
boisterous,https://ovidhan.net/word/boisterous.html,AUTO_PROTECTED,Batch 1,0,0
bold,https://ovidhan.net/word/bold.html,AUTO_PROTECTED,Batch 1,0,0
bolster,https://ovidhan.net/word/bolster.html,AUTO_PROTECTED,Batch 1,0,0
bolt,https://ovidhan.net/word/bolt.html,AUTO_PROTECTED,Batch 1,0,0
bomb,https://ovidhan.net/word/bomb.html,AUTO_PROTECTED,Batch 1,0,0
bombastic,https://ovidhan.net/word/bombastic.html,AUTO_PROTECTED,Batch 1,0,0
bond,https://ovidhan.net/word/bond.html,AUTO_PROTECTED,Batch 1,0,0
bondage,https://ovidhan.net/word/bondage.html,AUTO_PROTECTED,Batch 1,0,0
bondholder,https://ovidhan.net/word/bondholder.html,AUTO_PROTECTED,Batch 1,0,0
bonds,https://ovidhan.net/word/bonds.html,AUTO_PROTECTED,Batch 1,0,0
bone,https://ovidhan.net/word/bone.html,AUTO_PROTECTED,Batch 1,0,0
bonus,https://ovidhan.net/word/bonus.html,AUTO_PROTECTED,Batch 1,0,0
boobs,https://ovidhan.net/word/boobs.html,AUTO_PROTECTED,Batch 1,0,0
book,https://ovidhan.net/word/book.html,AUTO_PROTECTED,Batch 1,0,0
booking,https://ovidhan.net/word/booking.html,AUTO_PROTECTED,Batch 1,0,0
bookmark,https://ovidhan.net/word/bookmark.html,AUTO_PROTECTED,Batch 1,0,0
books,https://ovidhan.net/word/books.html,AUTO_PROTECTED,Batch 1,0,0
boon,https://ovidhan.net/word/boon.html,AUTO_PROTECTED,Batch 1,0,0
boorish,https://ovidhan.net/word/boorish.html,AUTO_PROTECTED,Batch 1,0,0
boost,https://ovidhan.net/word/boost.html,AUTO_PROTECTED,Batch 1,0,0
boot,https://ovidhan.net/word/boot.html,AUTO_PROTECTED,Batch 1,0,0
education,https://ovidhan.net/word/education.html,AUTO_PROTECTED,Phase 2B KEEP-INDEXED,0,0
knowledge,https://ovidhan.net/word/knowledge.html,AUTO_PROTECTED,Phase 2B KEEP-INDEXED,0,0
language,https://ovidhan.net/word/language.html,AUTO_PROTECTED,Phase 2B KEEP-INDEXED,0,0
lean,https://ovidhan.net/word/lean.html,DIAGNOSTIC_PROTECT_BD_HIGH_VALUE,Bangladesh impressions + Tier A/B legacy upgrade value,3,0
luther,https://ovidhan.net/word/luther.html,REVIEW — BD EVIDENCE / DATA QUALITY,"Meaningful Bangladesh evidence, but source or migration quality is insufficient for automatic upgrade",7,0
moreno,https://ovidhan.net/word/moreno.html,REVIEW — BD EVIDENCE / DATA QUALITY,"Meaningful Bangladesh evidence, but source or migration quality is insufficient for automatic upgrade",8,0
net-worth,https://ovidhan.net/word/net-worth.html,DIAGNOSTIC_PROTECT_BD_HIGH_VALUE,Bangladesh impressions + Tier A/B legacy upgrade value,4,0
opportunity,https://ovidhan.net/word/opportunity.html,AUTO_PROTECTED,Phase 2B KEEP-INDEXED,0,0
outlast,https://ovidhan.net/word/outlast.html,REVIEW — BD EVIDENCE / DATA QUALITY,"Meaningful Bangladesh evidence, but source or migration quality is insufficient for automatic upgrade",5,0
outright,https://ovidhan.net/word/outright.html,DIAGNOSTIC_PROTECT_BD_HIGH_VALUE,Bangladesh impressions + Tier A/B legacy upgrade value,5,0
outta,https://ovidhan.net/word/outta.html,REVIEW — BD EVIDENCE / DATA QUALITY,"Meaningful Bangladesh evidence, but source or migration quality is insufficient for automatic upgrade",8,0
princeton,https://ovidhan.net/word/princeton.html,REVIEW — BD EVIDENCE / DATA QUALITY,"Meaningful Bangladesh evidence, but source or migration quality is insufficient for automatic upgrade",6,0
punchy,https://ovidhan.net/word/punchy.html,REVIEW — BD EVIDENCE / DATA QUALITY,"Meaningful Bangladesh evidence, but source or migration quality is insufficient for automatic upgrade",6,0
quirky,https://ovidhan.net/word/quirky.html,DIAGNOSTIC_PROTECT_BD_HIGH_VALUE,Bangladesh impressions + Tier A/B legacy upgrade value,3,0
reinvent,https://ovidhan.net/word/reinvent.html,REVIEW — BD EVIDENCE / DATA QUALITY,"Meaningful Bangladesh evidence, but source or migration quality is insufficient for automatic upgrade",8,0
renegotiate,https://ovidhan.net/word/renegotiate.html,REVIEW — BD EVIDENCE / DATA QUALITY,"Meaningful Bangladesh evidence, but source or migration quality is insufficient for automatic upgrade",6,0
retro,https://ovidhan.net/word/retro.html,REVIEW — BD EVIDENCE / DATA QUALITY,"Meaningful Bangladesh evidence, but source or migration quality is insufficient for automatic upgrade",5,0
ronin,https://ovidhan.net/word/ronin.html,REVIEW — BD EVIDENCE / DATA QUALITY,"Meaningful Bangladesh evidence, but source or migration quality is insufficient for automatic upgrade",6,0
sephora,https://ovidhan.net/word/sephora.html,REVIEW — BD EVIDENCE / DATA QUALITY,"Meaningful Bangladesh evidence, but source or migration quality is insufficient for automatic upgrade",7,0
shard,https://ovidhan.net/word/shard.html,REVIEW — BD EVIDENCE / DATA QUALITY,"Meaningful Bangladesh evidence, but source or migration quality is insufficient for automatic upgrade",9,0
shenanigans,https://ovidhan.net/word/shenanigans.html,REVIEW — BD EVIDENCE / DATA QUALITY,"Meaningful Bangladesh evidence, but source or migration quality is insufficient for automatic upgrade",7,0
shouting,https://ovidhan.net/word/shouting.html,REVIEW — BD EVIDENCE / DATA QUALITY,"Meaningful Bangladesh evidence, but source or migration quality is insufficient for automatic upgrade",6,0
skewed,https://ovidhan.net/word/skewed.html,REVIEW — BD EVIDENCE / DATA QUALITY,"Meaningful Bangladesh evidence, but source or migration quality is insufficient for automatic upgrade",7,0
slytherin,https://ovidhan.net/word/slytherin.html,REVIEW — BD EVIDENCE / DATA QUALITY,"Meaningful Bangladesh evidence, but source or migration quality is insufficient for automatic upgrade",9,0
smoothed,https://ovidhan.net/word/smoothed.html,REVIEW — BD EVIDENCE / DATA QUALITY,"Meaningful Bangladesh evidence, but source or migration quality is insufficient for automatic upgrade",5,0
softly,https://ovidhan.net/word/softly.html,REVIEW — BD EVIDENCE / DATA QUALITY,"Meaningful Bangladesh evidence, but source or migration quality is insufficient for automatic upgrade",5,0
stroll,https://ovidhan.net/word/stroll.html,DIAGNOSTIC_PROTECT_BD_HIGH_VALUE,Bangladesh impressions + Tier A/B legacy upgrade value,3,0
technology,https://ovidhan.net/word/technology.html,AUTO_PROTECTED,Phase 2B KEEP-INDEXED,0,0
tension,https://ovidhan.net/word/tension.html,DIAGNOSTIC_PROTECT_BD_HIGH_VALUE,Bangladesh impressions + Tier A/B legacy upgrade value,9,0
totality,https://ovidhan.net/word/totality.html,REVIEW — BD EVIDENCE / DATA QUALITY,"Meaningful Bangladesh evidence, but source or migration quality is insufficient for automatic upgrade",7,0
tradeoff,https://ovidhan.net/word/tradeoff.html,REVIEW — BD EVIDENCE / DATA QUALITY,"Meaningful Bangladesh evidence, but source or migration quality is insufficient for automatic upgrade",1,1
ugly,https://ovidhan.net/word/ugly.html,DIAGNOSTIC_PROTECT_BD_HIGH_VALUE,Bangladesh impressions + Tier A/B legacy upgrade value,4,0
unconventional,https://ovidhan.net/word/unconventional.html,REVIEW — BD EVIDENCE / DATA QUALITY,"Meaningful Bangladesh evidence, but source or migration quality is insufficient for automatic upgrade",35,0
underwhelming,https://ovidhan.net/word/underwhelming.html,REVIEW — BD EVIDENCE / DATA QUALITY,"Meaningful Bangladesh evidence, but source or migration quality is insufficient for automatic upgrade",8,0
unstoppable,https://ovidhan.net/word/unstoppable.html,REVIEW — BD EVIDENCE / DATA QUALITY,"Meaningful Bangladesh evidence, but source or migration quality is insufficient for automatic upgrade",5,0
ver,https://ovidhan.net/word/ver.html,REVIEW — BD EVIDENCE / DATA QUALITY,"Meaningful Bangladesh evidence, but source or migration quality is insufficient for automatic upgrade",5,0
walmart,https://ovidhan.net/word/walmart.html,REVIEW — BD EVIDENCE / DATA QUALITY,"Meaningful Bangladesh evidence, but source or migration quality is insufficient for automatic upgrade",5,1
watched,https://ovidhan.net/word/watched.html,REVIEW — BD EVIDENCE / DATA QUALITY,"Meaningful Bangladesh evidence, but source or migration quality is insufficient for automatic upgrade",7,0
water,https://ovidhan.net/word/water.html,AUTO_PROTECTED,Phase 2B KEEP-INDEXED,0,0
