word,url,BD_CLICKS,BD_IMPRESSIONS,BD_CTR,BD_POSITION,metric_scope,migration_class,tier,tier_score,batch_1,static_legacy_status,self_canonical,rendering_quality,indexability_signals_pass,source_completeness_score,source_fields_present,tier_flags
unconventional,https://ovidhan.net/word/unconventional.html,0,35,0.0,9.94,BANGLADESH-FILTERED GSC,THIN-LEGACY,D,0,False,LEGACY,True,WEAK_OR_JS_DEPENDENT,False,0,none,no-meaning-or-definition
shard,https://ovidhan.net/word/shard.html,0,9,0.0,10.44,BANGLADESH-FILTERED GSC,THIN-LEGACY,D,0,False,LEGACY,True,WEAK_OR_JS_DEPENDENT,False,0,none,no-meaning-or-definition
slytherin,https://ovidhan.net/word/slytherin.html,0,9,0.0,7.11,BANGLADESH-FILTERED GSC,THIN-LEGACY,D,0,False,LEGACY,True,WEAK_OR_JS_DEPENDENT,False,0,none,no-meaning-or-definition
tension,https://ovidhan.net/word/tension.html,0,9,0.0,54.22,BANGLADESH-FILTERED GSC,REVIEW,B,3,False,LEGACY,True,WEAK_OR_JS_DEPENDENT,False,1,bangla,pos-missing;editorial-status-draft
moreno,https://ovidhan.net/word/moreno.html,0,8,0.0,10.38,BANGLADESH-FILTERED GSC,THIN-LEGACY,D,0,False,LEGACY,True,WEAK_OR_JS_DEPENDENT,False,0,none,no-meaning-or-definition
outta,https://ovidhan.net/word/outta.html,0,8,0.0,11.5,BANGLADESH-FILTERED GSC,THIN-LEGACY,D,0,False,LEGACY,True,WEAK_OR_JS_DEPENDENT,False,0,none,no-meaning-or-definition
reinvent,https://ovidhan.net/word/reinvent.html,0,8,0.0,11.25,BANGLADESH-FILTERED GSC,THIN-LEGACY,D,0,False,LEGACY,True,WEAK_OR_JS_DEPENDENT,False,0,none,no-meaning-or-definition
underwhelming,https://ovidhan.net/word/underwhelming.html,0,8,0.0,7.75,BANGLADESH-FILTERED GSC,THIN-LEGACY,D,0,False,LEGACY,True,WEAK_OR_JS_DEPENDENT,False,0,none,no-meaning-or-definition
luther,https://ovidhan.net/word/luther.html,0,7,0.0,8.71,BANGLADESH-FILTERED GSC,THIN-LEGACY,D,0,False,LEGACY,True,WEAK_OR_JS_DEPENDENT,False,0,none,no-meaning-or-definition
sephora,https://ovidhan.net/word/sephora.html,0,7,0.0,5.14,BANGLADESH-FILTERED GSC,THIN-LEGACY,D,0,False,LEGACY,True,WEAK_OR_JS_DEPENDENT,False,0,none,no-meaning-or-definition
shenanigans,https://ovidhan.net/word/shenanigans.html,0,7,0.0,11.29,BANGLADESH-FILTERED GSC,THIN-LEGACY,D,0,False,LEGACY,True,WEAK_OR_JS_DEPENDENT,False,0,none,no-meaning-or-definition
skewed,https://ovidhan.net/word/skewed.html,0,7,0.0,58.43,BANGLADESH-FILTERED GSC,THIN-LEGACY,D,0,False,LEGACY,True,WEAK_OR_JS_DEPENDENT,False,0,none,no-meaning-or-definition
totality,https://ovidhan.net/word/totality.html,0,7,0.0,11.57,BANGLADESH-FILTERED GSC,THIN-LEGACY,D,0,False,LEGACY,True,WEAK_OR_JS_DEPENDENT,False,0,none,no-meaning-or-definition
watched,https://ovidhan.net/word/watched.html,0,7,0.0,11.71,BANGLADESH-FILTERED GSC,THIN-LEGACY,D,0,False,LEGACY,True,WEAK_OR_JS_DEPENDENT,False,0,none,no-meaning-or-definition
barbaric,https://ovidhan.net/word/barbaric.html,0,6,0.0,9.5,BANGLADESH-FILTERED GSC,KEEP-INDEXED,B,3,True,STATIC,True,USEFUL_WITHOUT_JS,True,1,bangla,pos-missing;editorial-status-draft
princeton,https://ovidhan.net/word/princeton.html,0,6,0.0,6.17,BANGLADESH-FILTERED GSC,THIN-LEGACY,D,0,False,LEGACY,True,WEAK_OR_JS_DEPENDENT,False,0,none,no-meaning-or-definition
punchy,https://ovidhan.net/word/punchy.html,0,6,0.0,9.5,BANGLADESH-FILTERED GSC,THIN-LEGACY,D,0,False,LEGACY,True,WEAK_OR_JS_DEPENDENT,False,0,none,no-meaning-or-definition
renegotiate,https://ovidhan.net/word/renegotiate.html,0,6,0.0,11.33,BANGLADESH-FILTERED GSC,THIN-LEGACY,D,0,False,LEGACY,True,WEAK_OR_JS_DEPENDENT,False,0,none,no-meaning-or-definition
ronin,https://ovidhan.net/word/ronin.html,0,6,0.0,6.17,BANGLADESH-FILTERED GSC,THIN-LEGACY,D,0,False,LEGACY,True,WEAK_OR_JS_DEPENDENT,False,0,none,no-meaning-or-definition
shouting,https://ovidhan.net/word/shouting.html,0,6,0.0,12.0,BANGLADESH-FILTERED GSC,THIN-LEGACY,D,0,False,LEGACY,True,WEAK_OR_JS_DEPENDENT,False,0,none,no-meaning-or-definition
outlast,https://ovidhan.net/word/outlast.html,0,5,0.0,11.0,BANGLADESH-FILTERED GSC,THIN-LEGACY,D,0,False,LEGACY,True,WEAK_OR_JS_DEPENDENT,False,0,none,no-meaning-or-definition
outright,https://ovidhan.net/word/outright.html,0,5,0.0,19.2,BANGLADESH-FILTERED GSC,REVIEW,B,3,False,LEGACY,True,WEAK_OR_JS_DEPENDENT,False,1,bangla,pos-missing;editorial-status-draft
retro,https://ovidhan.net/word/retro.html,0,5,0.0,10.2,BANGLADESH-FILTERED GSC,THIN-LEGACY,D,0,False,LEGACY,True,WEAK_OR_JS_DEPENDENT,False,0,none,no-meaning-or-definition
smoothed,https://ovidhan.net/word/smoothed.html,0,5,0.0,53.4,BANGLADESH-FILTERED GSC,THIN-LEGACY,D,0,False,LEGACY,True,WEAK_OR_JS_DEPENDENT,False,0,none,no-meaning-or-definition
softly,https://ovidhan.net/word/softly.html,0,5,0.0,62.4,BANGLADESH-FILTERED GSC,THIN-LEGACY,D,0,False,LEGACY,True,WEAK_OR_JS_DEPENDENT,False,0,none,no-meaning-or-definition
unstoppable,https://ovidhan.net/word/unstoppable.html,0,5,0.0,11.6,BANGLADESH-FILTERED GSC,THIN-LEGACY,D,0,False,LEGACY,True,WEAK_OR_JS_DEPENDENT,False,0,none,no-meaning-or-definition
ver,https://ovidhan.net/word/ver.html,0,5,0.0,10.4,BANGLADESH-FILTERED GSC,THIN-LEGACY,D,0,False,LEGACY,True,WEAK_OR_JS_DEPENDENT,False,0,none,no-meaning-or-definition
walmart,https://ovidhan.net/word/walmart.html,1,5,0.2,6.2,BANGLADESH-FILTERED GSC,THIN-LEGACY,D,0,False,LEGACY,True,WEAK_OR_JS_DEPENDENT,False,0,none,no-meaning-or-definition
ankara,https://ovidhan.net/word/ankara.html,0,4,0.0,8.0,BANGLADESH-FILTERED GSC,THIN-LEGACY,D,0,False,LEGACY,True,WEAK_OR_JS_DEPENDENT,False,0,none,no-meaning-or-definition
howards,https://ovidhan.net/word/howards.html,0,4,0.0,57.75,BANGLADESH-FILTERED GSC,INVALID/NOISE,D,0,False,LEGACY,True,WEAK_OR_JS_DEPENDENT,False,0,source-record-missing,source-record-missing
manpower,https://ovidhan.net/word/manpower.html,0,4,0.0,71.5,BANGLADESH-FILTERED GSC,THIN-LEGACY,D,0,False,LEGACY,True,WEAK_OR_JS_DEPENDENT,False,0,none,no-meaning-or-definition
mash,https://ovidhan.net/word/mash.html,0,4,0.0,79.75,BANGLADESH-FILTERED GSC,THIN-LEGACY,D,0,False,LEGACY,True,WEAK_OR_JS_DEPENDENT,False,0,none,no-meaning-or-definition
net-worth,https://ovidhan.net/word/net-worth.html,0,4,0.0,12.0,BANGLADESH-FILTERED GSC,REVIEW,B,3,False,LEGACY,True,WEAK_OR_JS_DEPENDENT,False,1,bangla,pos-missing;editorial-status-draft
phat,https://ovidhan.net/word/phat.html,0,4,0.0,9.0,BANGLADESH-FILTERED GSC,THIN-LEGACY,D,0,False,LEGACY,True,WEAK_OR_JS_DEPENDENT,False,0,none,no-meaning-or-definition
proprietors,https://ovidhan.net/word/proprietors.html,0,4,0.0,63.25,BANGLADESH-FILTERED GSC,THIN-LEGACY,D,0,False,LEGACY,True,WEAK_OR_JS_DEPENDENT,False,0,none,no-meaning-or-definition
reverie,https://ovidhan.net/word/reverie.html,0,4,0.0,65.25,BANGLADESH-FILTERED GSC,THIN-LEGACY,D,0,False,LEGACY,True,WEAK_OR_JS_DEPENDENT,False,0,none,no-meaning-or-definition
shopkeepers,https://ovidhan.net/word/shopkeepers.html,0,4,0.0,56.0,BANGLADESH-FILTERED GSC,THIN-LEGACY,D,0,False,LEGACY,True,WEAK_OR_JS_DEPENDENT,False,0,none,no-meaning-or-definition
solicitor,https://ovidhan.net/word/solicitor.html,0,4,0.0,57.75,BANGLADESH-FILTERED GSC,THIN-LEGACY,D,0,False,LEGACY,True,WEAK_OR_JS_DEPENDENT,False,0,none,no-meaning-or-definition
sorta,https://ovidhan.net/word/sorta.html,0,4,0.0,6.0,BANGLADESH-FILTERED GSC,THIN-LEGACY,D,0,False,LEGACY,True,WEAK_OR_JS_DEPENDENT,False,0,none,no-meaning-or-definition
sweetest,https://ovidhan.net/word/sweetest.html,0,4,0.0,11.75,BANGLADESH-FILTERED GSC,THIN-LEGACY,D,0,False,LEGACY,True,WEAK_OR_JS_DEPENDENT,False,0,none,no-meaning-or-definition
tampons,https://ovidhan.net/word/tampons.html,0,4,0.0,34.75,BANGLADESH-FILTERED GSC,THIN-LEGACY,D,0,False,LEGACY,True,WEAK_OR_JS_DEPENDENT,False,0,none,no-meaning-or-definition
ugly,https://ovidhan.net/word/ugly.html,0,4,0.0,29.75,BANGLADESH-FILTERED GSC,REVIEW,B,3,False,LEGACY,True,WEAK_OR_JS_DEPENDENT,False,1,bangla,pos-missing;editorial-status-draft
unwavering,https://ovidhan.net/word/unwavering.html,0,4,0.0,36.0,BANGLADESH-FILTERED GSC,THIN-LEGACY,D,0,False,LEGACY,True,WEAK_OR_JS_DEPENDENT,False,0,none,no-meaning-or-definition
catwoman,https://ovidhan.net/word/catwoman.html,0,3,0.0,3.67,BANGLADESH-FILTERED GSC,THIN-LEGACY,D,0,False,LEGACY,True,WEAK_OR_JS_DEPENDENT,False,0,none,no-meaning-or-definition
horrendous,https://ovidhan.net/word/horrendous.html,0,3,0.0,11.0,BANGLADESH-FILTERED GSC,THIN-LEGACY,D,0,False,LEGACY,True,WEAK_OR_JS_DEPENDENT,False,0,none,no-meaning-or-definition
lean,https://ovidhan.net/word/lean.html,0,3,0.0,51.0,BANGLADESH-FILTERED GSC,REVIEW,B,3,False,LEGACY,True,WEAK_OR_JS_DEPENDENT,False,1,bangla,pos-missing;editorial-status-draft
lentils,https://ovidhan.net/word/lentils.html,0,3,0.0,40.67,BANGLADESH-FILTERED GSC,THIN-LEGACY,D,0,False,LEGACY,True,WEAK_OR_JS_DEPENDENT,False,0,none,no-meaning-or-definition
memes,https://ovidhan.net/word/memes.html,0,3,0.0,39.33,BANGLADESH-FILTERED GSC,THIN-LEGACY,D,0,False,LEGACY,True,WEAK_OR_JS_DEPENDENT,False,0,none,no-meaning-or-definition
parsley,https://ovidhan.net/word/parsley.html,0,3,0.0,44.67,BANGLADESH-FILTERED GSC,THIN-LEGACY,D,0,False,LEGACY,True,WEAK_OR_JS_DEPENDENT,False,0,none,no-meaning-or-definition
predetermined,https://ovidhan.net/word/predetermined.html,0,3,0.0,20.67,BANGLADESH-FILTERED GSC,THIN-LEGACY,D,0,False,LEGACY,True,WEAK_OR_JS_DEPENDENT,False,0,none,no-meaning-or-definition
quirky,https://ovidhan.net/word/quirky.html,0,3,0.0,21.33,BANGLADESH-FILTERED GSC,REVIEW,B,3,False,LEGACY,True,WEAK_OR_JS_DEPENDENT,False,1,bangla,pos-missing;editorial-status-draft
roommates,https://ovidhan.net/word/roommates.html,0,3,0.0,49.33,BANGLADESH-FILTERED GSC,THIN-LEGACY,D,0,False,LEGACY,True,WEAK_OR_JS_DEPENDENT,False,0,none,no-meaning-or-definition
smoothness,https://ovidhan.net/word/smoothness.html,0,3,0.0,28.67,BANGLADESH-FILTERED GSC,THIN-LEGACY,D,0,False,LEGACY,True,WEAK_OR_JS_DEPENDENT,False,0,none,no-meaning-or-definition
specificity,https://ovidhan.net/word/specificity.html,0,3,0.0,24.33,BANGLADESH-FILTERED GSC,THIN-LEGACY,D,0,False,LEGACY,True,WEAK_OR_JS_DEPENDENT,False,0,none,no-meaning-or-definition
spellings,https://ovidhan.net/word/spellings.html,0,3,0.0,76.0,BANGLADESH-FILTERED GSC,THIN-LEGACY,D,0,False,LEGACY,True,WEAK_OR_JS_DEPENDENT,False,0,none,no-meaning-or-definition
stroll,https://ovidhan.net/word/stroll.html,0,3,0.0,24.67,BANGLADESH-FILTERED GSC,REVIEW,B,3,False,LEGACY,True,WEAK_OR_JS_DEPENDENT,False,1,bangla,pos-missing;editorial-status-draft
tans,https://ovidhan.net/word/tans.html,0,3,0.0,67.0,BANGLADESH-FILTERED GSC,THIN-LEGACY,D,0,False,LEGACY,True,WEAK_OR_JS_DEPENDENT,False,0,none,no-meaning-or-definition
thirsty,https://ovidhan.net/word/thirsty.html,0,3,0.0,46.67,BANGLADESH-FILTERED GSC,THIN-LEGACY,D,0,False,LEGACY,True,WEAK_OR_JS_DEPENDENT,False,0,none,no-meaning-or-definition
thyroid,https://ovidhan.net/word/thyroid.html,0,3,0.0,59.33,BANGLADESH-FILTERED GSC,THIN-LEGACY,D,0,False,LEGACY,True,WEAK_OR_JS_DEPENDENT,False,0,none,no-meaning-or-definition
unflinching,https://ovidhan.net/word/unflinching.html,0,3,0.0,12.67,BANGLADESH-FILTERED GSC,THIN-LEGACY,D,0,False,LEGACY,True,WEAK_OR_JS_DEPENDENT,False,0,none,no-meaning-or-definition
vp,https://ovidhan.net/word/vp.html,0,3,0.0,59.0,BANGLADESH-FILTERED GSC,THIN-LEGACY,D,0,False,LEGACY,True,WEAK_OR_JS_DEPENDENT,False,0,none,no-meaning-or-definition
wherewithal,https://ovidhan.net/word/wherewithal.html,0,3,0.0,8.33,BANGLADESH-FILTERED GSC,THIN-LEGACY,D,0,False,LEGACY,True,WEAK_OR_JS_DEPENDENT,False,0,none,no-meaning-or-definition
whorls,https://ovidhan.net/word/whorls.html,0,3,0.0,47.67,BANGLADESH-FILTERED GSC,THIN-LEGACY,D,0,False,LEGACY,True,WEAK_OR_JS_DEPENDENT,False,0,none,no-meaning-or-definition
widely,https://ovidhan.net/word/widely.html,0,3,0.0,49.0,BANGLADESH-FILTERED GSC,THIN-LEGACY,D,0,False,LEGACY,True,WEAK_OR_JS_DEPENDENT,False,0,none,no-meaning-or-definition
writ,https://ovidhan.net/word/writ.html,0,3,0.0,51.33,BANGLADESH-FILTERED GSC,THIN-LEGACY,D,0,False,LEGACY,True,WEAK_OR_JS_DEPENDENT,False,0,none,no-meaning-or-definition
yangtze,https://ovidhan.net/word/yangtze.html,0,3,0.0,10.67,BANGLADESH-FILTERED GSC,THIN-LEGACY,D,0,False,LEGACY,True,WEAK_OR_JS_DEPENDENT,False,0,none,no-meaning-or-definition
airpods,https://ovidhan.net/word/airpods.html,0,2,0.0,8.5,BANGLADESH-FILTERED GSC,THIN-LEGACY,D,0,False,LEGACY,True,WEAK_OR_JS_DEPENDENT,False,0,none,no-meaning-or-definition
bub,https://ovidhan.net/word/bub.html,0,2,0.0,67.0,BANGLADESH-FILTERED GSC,THIN-LEGACY,D,0,False,LEGACY,True,WEAK_OR_JS_DEPENDENT,False,0,none,no-meaning-or-definition
calcareous,https://ovidhan.net/word/calcareous.html,0,2,0.0,9.0,BANGLADESH-FILTERED GSC,THIN-LEGACY,D,0,False,LEGACY,True,WEAK_OR_JS_DEPENDENT,False,0,none,no-meaning-or-definition
cliffhanger,https://ovidhan.net/word/cliffhanger.html,0,2,0.0,10.0,BANGLADESH-FILTERED GSC,THIN-LEGACY,D,0,False,LEGACY,True,WEAK_OR_JS_DEPENDENT,False,0,none,no-meaning-or-definition
comparatively,https://ovidhan.net/word/comparatively.html,0,2,0.0,12.0,BANGLADESH-FILTERED GSC,THIN-LEGACY,D,0,False,LEGACY,True,WEAK_OR_JS_DEPENDENT,False,0,none,no-meaning-or-definition
integration,https://ovidhan.net/word/integration.html,0,2,0.0,11.5,BANGLADESH-FILTERED GSC,REVIEW,A,7,False,LEGACY,True,WEAK_OR_JS_DEPENDENT,False,4,bangla;definition;part_of_speech;example,all-source-examples-rejected
legible,https://ovidhan.net/word/legible.html,0,2,0.0,24.0,BANGLADESH-FILTERED GSC,REVIEW,B,3,False,LEGACY,True,WEAK_OR_JS_DEPENDENT,False,1,bangla,pos-missing;editorial-status-draft
linkedin,https://ovidhan.net/word/linkedin.html,0,2,0.0,31.0,BANGLADESH-FILTERED GSC,THIN-LEGACY,D,0,False,LEGACY,True,WEAK_OR_JS_DEPENDENT,False,0,none,no-meaning-or-definition
magenta,https://ovidhan.net/word/magenta.html,0,2,0.0,42.5,BANGLADESH-FILTERED GSC,REVIEW,B,3,False,LEGACY,True,WEAK_OR_JS_DEPENDENT,False,1,bangla,pos-missing;editorial-status-draft
maleficent,https://ovidhan.net/word/maleficent.html,0,2,0.0,40.0,BANGLADESH-FILTERED GSC,THIN-LEGACY,D,0,False,LEGACY,True,WEAK_OR_JS_DEPENDENT,False,0,none,no-meaning-or-definition
meanest,https://ovidhan.net/word/meanest.html,0,2,0.0,9.0,BANGLADESH-FILTERED GSC,THIN-LEGACY,D,0,False,LEGACY,True,WEAK_OR_JS_DEPENDENT,False,0,none,no-meaning-or-definition
melo,https://ovidhan.net/word/melo.html,0,2,0.0,7.5,BANGLADESH-FILTERED GSC,THIN-LEGACY,D,0,False,LEGACY,True,WEAK_OR_JS_DEPENDENT,False,0,none,no-meaning-or-definition
mosquitos,https://ovidhan.net/word/mosquitos.html,0,2,0.0,70.0,BANGLADESH-FILTERED GSC,THIN-LEGACY,D,0,False,LEGACY,True,WEAK_OR_JS_DEPENDENT,False,0,none,no-meaning-or-definition
moss,https://ovidhan.net/word/moss.html,0,2,0.0,57.0,BANGLADESH-FILTERED GSC,REVIEW,B,3,False,LEGACY,True,WEAK_OR_JS_DEPENDENT,False,1,bangla,pos-missing;editorial-status-draft
motivational,https://ovidhan.net/word/motivational.html,0,2,0.0,50.0,BANGLADESH-FILTERED GSC,THIN-LEGACY,D,0,False,LEGACY,True,WEAK_OR_JS_DEPENDENT,False,0,none,no-meaning-or-definition
muddled,https://ovidhan.net/word/muddled.html,0,2,0.0,34.5,BANGLADESH-FILTERED GSC,THIN-LEGACY,D,0,False,LEGACY,True,WEAK_OR_JS_DEPENDENT,False,0,none,no-meaning-or-definition
nuggets,https://ovidhan.net/word/nuggets.html,0,2,0.0,72.5,BANGLADESH-FILTERED GSC,THIN-LEGACY,D,0,False,LEGACY,True,WEAK_OR_JS_DEPENDENT,False,0,none,no-meaning-or-definition
offender,https://ovidhan.net/word/offender.html,0,2,0.0,18.5,BANGLADESH-FILTERED GSC,THIN-LEGACY,D,0,False,LEGACY,True,WEAK_OR_JS_DEPENDENT,False,0,none,no-meaning-or-definition
omitted,https://ovidhan.net/word/omitted.html,0,2,0.0,62.0,BANGLADESH-FILTERED GSC,THIN-LEGACY,D,0,False,LEGACY,True,WEAK_OR_JS_DEPENDENT,False,0,none,no-meaning-or-definition
oregano,https://ovidhan.net/word/oregano.html,0,2,0.0,47.5,BANGLADESH-FILTERED GSC,THIN-LEGACY,D,0,False,LEGACY,True,WEAK_OR_JS_DEPENDENT,False,0,none,no-meaning-or-definition
overshadowed,https://ovidhan.net/word/overshadowed.html,0,2,0.0,36.0,BANGLADESH-FILTERED GSC,THIN-LEGACY,D,0,False,LEGACY,True,WEAK_OR_JS_DEPENDENT,False,0,none,no-meaning-or-definition
panics,https://ovidhan.net/word/panics.html,0,2,0.0,57.5,BANGLADESH-FILTERED GSC,THIN-LEGACY,D,0,False,LEGACY,True,WEAK_OR_JS_DEPENDENT,False,0,none,no-meaning-or-definition
parasol,https://ovidhan.net/word/parasol.html,0,2,0.0,79.0,BANGLADESH-FILTERED GSC,THIN-LEGACY,D,0,False,LEGACY,True,WEAK_OR_JS_DEPENDENT,False,0,none,no-meaning-or-definition
perimeter,https://ovidhan.net/word/perimeter.html,0,2,0.0,32.5,BANGLADESH-FILTERED GSC,THIN-LEGACY,D,0,False,LEGACY,True,WEAK_OR_JS_DEPENDENT,False,0,none,no-meaning-or-definition
pie,https://ovidhan.net/word/pie.html,0,2,0.0,32.0,BANGLADESH-FILTERED GSC,THIN-LEGACY,D,0,False,LEGACY,True,WEAK_OR_JS_DEPENDENT,False,0,none,no-meaning-or-definition
pitfalls,https://ovidhan.net/word/pitfalls.html,0,2,0.0,12.0,BANGLADESH-FILTERED GSC,THIN-LEGACY,D,0,False,LEGACY,True,WEAK_OR_JS_DEPENDENT,False,0,none,no-meaning-or-definition
policymakers,https://ovidhan.net/word/policymakers.html,0,2,0.0,8.0,BANGLADESH-FILTERED GSC,THIN-LEGACY,D,0,False,LEGACY,True,WEAK_OR_JS_DEPENDENT,False,0,none,no-meaning-or-definition
presumed,https://ovidhan.net/word/presumed.html,0,2,0.0,52.0,BANGLADESH-FILTERED GSC,THIN-LEGACY,D,0,False,LEGACY,True,WEAK_OR_JS_DEPENDENT,False,0,none,no-meaning-or-definition
provision,https://ovidhan.net/word/provision.html,0,2,0.0,68.0,BANGLADESH-FILTERED GSC,REVIEW,A,7,False,LEGACY,True,WEAK_OR_JS_DEPENDENT,False,4,bangla;definition;part_of_speech;example,all-source-examples-rejected
quantum,https://ovidhan.net/word/quantum.html,0,2,0.0,68.0,BANGLADESH-FILTERED GSC,REVIEW,B,3,False,LEGACY,True,WEAK_OR_JS_DEPENDENT,False,1,bangla,pos-missing;editorial-status-draft
quilt,https://ovidhan.net/word/quilt.html,0,2,0.0,58.0,BANGLADESH-FILTERED GSC,REVIEW,B,3,False,LEGACY,True,WEAK_OR_JS_DEPENDENT,False,1,bangla,pos-missing;editorial-status-draft
quran,https://ovidhan.net/word/quran.html,0,2,0.0,73.5,BANGLADESH-FILTERED GSC,THIN-LEGACY,D,0,False,LEGACY,True,WEAK_OR_JS_DEPENDENT,False,0,none,no-meaning-or-definition
railway,https://ovidhan.net/word/railway.html,0,2,0.0,11.5,BANGLADESH-FILTERED GSC,THIN-LEGACY,D,0,False,LEGACY,True,WEAK_OR_JS_DEPENDENT,False,0,none,no-meaning-or-definition
rebrand,https://ovidhan.net/word/rebrand.html,0,2,0.0,8.5,BANGLADESH-FILTERED GSC,THIN-LEGACY,D,0,False,LEGACY,True,WEAK_OR_JS_DEPENDENT,False,0,none,no-meaning-or-definition
receptionist,https://ovidhan.net/word/receptionist.html,0,2,0.0,71.5,BANGLADESH-FILTERED GSC,THIN-LEGACY,D,0,False,LEGACY,True,WEAK_OR_JS_DEPENDENT,False,0,none,no-meaning-or-definition
redirect,https://ovidhan.net/word/redirect.html,0,2,0.0,9.0,BANGLADESH-FILTERED GSC,THIN-LEGACY,D,0,False,LEGACY,True,WEAK_OR_JS_DEPENDENT,False,0,none,no-meaning-or-definition
relive,https://ovidhan.net/word/relive.html,0,2,0.0,79.0,BANGLADESH-FILTERED GSC,THIN-LEGACY,D,0,False,LEGACY,True,WEAK_OR_JS_DEPENDENT,False,0,none,no-meaning-or-definition
riverdale,https://ovidhan.net/word/riverdale.html,0,2,0.0,7.5,BANGLADESH-FILTERED GSC,THIN-LEGACY,D,0,False,LEGACY,True,WEAK_OR_JS_DEPENDENT,False,0,none,no-meaning-or-definition
sack,https://ovidhan.net/word/sack.html,0,2,0.0,37.5,BANGLADESH-FILTERED GSC,REVIEW,B,3,False,LEGACY,True,WEAK_OR_JS_DEPENDENT,False,1,bangla,pos-missing;editorial-status-draft
salazar,https://ovidhan.net/word/salazar.html,0,2,0.0,42.0,BANGLADESH-FILTERED GSC,THIN-LEGACY,D,0,False,LEGACY,True,WEAK_OR_JS_DEPENDENT,False,0,none,no-meaning-or-definition
sanguine,https://ovidhan.net/word/sanguine.html,0,2,0.0,81.5,BANGLADESH-FILTERED GSC,REVIEW,B,3,False,LEGACY,True,WEAK_OR_JS_DEPENDENT,False,1,bangla,pos-missing;editorial-status-draft
sink,https://ovidhan.net/word/sink.html,0,2,0.0,47.5,BANGLADESH-FILTERED GSC,REVIEW,B,3,False,LEGACY,True,WEAK_OR_JS_DEPENDENT,False,1,bangla,pos-missing;editorial-status-draft
slavic,https://ovidhan.net/word/slavic.html,0,2,0.0,11.0,BANGLADESH-FILTERED GSC,THIN-LEGACY,D,0,False,LEGACY,True,WEAK_OR_JS_DEPENDENT,False,0,none,no-meaning-or-definition
sleazy,https://ovidhan.net/word/sleazy.html,0,2,0.0,12.0,BANGLADESH-FILTERED GSC,THIN-LEGACY,D,0,False,LEGACY,True,WEAK_OR_JS_DEPENDENT,False,0,none,no-meaning-or-definition
sneeze,https://ovidhan.net/word/sneeze.html,0,2,0.0,56.5,BANGLADESH-FILTERED GSC,REVIEW,B,3,False,LEGACY,True,WEAK_OR_JS_DEPENDENT,False,1,bangla,pos-missing;editorial-status-draft
solidity,https://ovidhan.net/word/solidity.html,0,2,0.0,33.5,BANGLADESH-FILTERED GSC,THIN-LEGACY,D,0,False,LEGACY,True,WEAK_OR_JS_DEPENDENT,False,0,none,no-meaning-or-definition
souths,https://ovidhan.net/word/souths.html,0,2,0.0,49.0,BANGLADESH-FILTERED GSC,INVALID/NOISE,D,0,False,LEGACY,True,WEAK_OR_JS_DEPENDENT,False,0,source-record-missing,source-record-missing
soya,https://ovidhan.net/word/soya.html,0,2,0.0,62.5,BANGLADESH-FILTERED GSC,THIN-LEGACY,D,0,False,LEGACY,True,WEAK_OR_JS_DEPENDENT,False,0,none,no-meaning-or-definition
squads,https://ovidhan.net/word/squads.html,0,2,0.0,52.5,BANGLADESH-FILTERED GSC,THIN-LEGACY,D,0,False,LEGACY,True,WEAK_OR_JS_DEPENDENT,False,0,none,no-meaning-or-definition
stalk,https://ovidhan.net/word/stalk.html,0,2,0.0,53.0,BANGLADESH-FILTERED GSC,REVIEW,B,3,False,LEGACY,True,WEAK_OR_JS_DEPENDENT,False,1,bangla,pos-missing;editorial-status-draft
straighten,https://ovidhan.net/word/straighten.html,0,2,0.0,52.0,BANGLADESH-FILTERED GSC,THIN-LEGACY,D,0,False,LEGACY,True,WEAK_OR_JS_DEPENDENT,False,0,none,no-meaning-or-definition
strained,https://ovidhan.net/word/strained.html,0,2,0.0,50.5,BANGLADESH-FILTERED GSC,THIN-LEGACY,D,0,False,LEGACY,True,WEAK_OR_JS_DEPENDENT,False,0,none,no-meaning-or-definition
street,https://ovidhan.net/word/street.html,0,2,0.0,25.0,BANGLADESH-FILTERED GSC,REVIEW,A,7,False,LEGACY,True,WEAK_OR_JS_DEPENDENT,False,4,bangla;definition;part_of_speech;example,all-source-examples-rejected
strollers,https://ovidhan.net/word/strollers.html,0,2,0.0,36.5,BANGLADESH-FILTERED GSC,THIN-LEGACY,D,0,False,LEGACY,True,WEAK_OR_JS_DEPENDENT,False,0,none,no-meaning-or-definition
swig,https://ovidhan.net/word/swig.html,0,2,0.0,56.0,BANGLADESH-FILTERED GSC,THIN-LEGACY,D,0,False,LEGACY,True,WEAK_OR_JS_DEPENDENT,False,0,none,no-meaning-or-definition
swine,https://ovidhan.net/word/swine.html,0,2,0.0,66.5,BANGLADESH-FILTERED GSC,THIN-LEGACY,D,0,False,LEGACY,True,WEAK_OR_JS_DEPENDENT,False,0,none,no-meaning-or-definition
tailgating,https://ovidhan.net/word/tailgating.html,0,2,0.0,11.5,BANGLADESH-FILTERED GSC,THIN-LEGACY,D,0,False,LEGACY,True,WEAK_OR_JS_DEPENDENT,False,0,none,no-meaning-or-definition
terrible,https://ovidhan.net/word/terrible.html,0,2,0.0,50.0,BANGLADESH-FILTERED GSC,REVIEW,B,3,False,LEGACY,True,WEAK_OR_JS_DEPENDENT,False,1,bangla,pos-missing;editorial-status-draft
tram,https://ovidhan.net/word/tram.html,0,2,0.0,42.5,BANGLADESH-FILTERED GSC,REVIEW,B,3,False,LEGACY,True,WEAK_OR_JS_DEPENDENT,False,1,bangla,pos-missing;editorial-status-draft
tranquility,https://ovidhan.net/word/tranquility.html,0,2,0.0,52.0,BANGLADESH-FILTERED GSC,THIN-LEGACY,D,0,False,LEGACY,True,WEAK_OR_JS_DEPENDENT,False,0,none,no-meaning-or-definition
trite,https://ovidhan.net/word/trite.html,0,2,0.0,43.0,BANGLADESH-FILTERED GSC,THIN-LEGACY,C,1,False,LEGACY,True,WEAK_OR_JS_DEPENDENT,False,1,bangla,bangla-exactly-duplicates-english;pos-missing;editorial-status-draft
vanish,https://ovidhan.net/word/vanish.html,0,2,0.0,70.0,BANGLADESH-FILTERED GSC,REVIEW,B,3,False,LEGACY,True,WEAK_OR_JS_DEPENDENT,False,1,bangla,pos-missing;editorial-status-draft
venturing,https://ovidhan.net/word/venturing.html,0,2,0.0,21.0,BANGLADESH-FILTERED GSC,THIN-LEGACY,D,0,False,LEGACY,True,WEAK_OR_JS_DEPENDENT,False,0,none,no-meaning-or-definition
vibes,https://ovidhan.net/word/vibes.html,0,2,0.0,40.5,BANGLADESH-FILTERED GSC,THIN-LEGACY,D,0,False,LEGACY,True,WEAK_OR_JS_DEPENDENT,False,0,none,no-meaning-or-definition
viceroy,https://ovidhan.net/word/viceroy.html,0,2,0.0,71.5,BANGLADESH-FILTERED GSC,THIN-LEGACY,D,0,False,LEGACY,True,WEAK_OR_JS_DEPENDENT,False,0,none,no-meaning-or-definition
virgo,https://ovidhan.net/word/virgo.html,0,2,0.0,38.5,BANGLADESH-FILTERED GSC,THIN-LEGACY,D,0,False,LEGACY,True,WEAK_OR_JS_DEPENDENT,False,0,none,no-meaning-or-definition
vitamin,https://ovidhan.net/word/vitamin.html,0,2,0.0,58.0,BANGLADESH-FILTERED GSC,THIN-LEGACY,D,0,False,LEGACY,True,WEAK_OR_JS_DEPENDENT,False,0,none,no-meaning-or-definition
waist,https://ovidhan.net/word/waist.html,0,2,0.0,29.0,BANGLADESH-FILTERED GSC,THIN-LEGACY,D,0,False,LEGACY,True,WEAK_OR_JS_DEPENDENT,False,0,none,no-meaning-or-definition
wallet,https://ovidhan.net/word/wallet.html,0,2,0.0,53.0,BANGLADESH-FILTERED GSC,REVIEW,B,3,False,LEGACY,True,WEAK_OR_JS_DEPENDENT,False,1,bangla,pos-missing;editorial-status-draft
weaning,https://ovidhan.net/word/weaning.html,0,2,0.0,48.5,BANGLADESH-FILTERED GSC,THIN-LEGACY,D,0,False,LEGACY,True,WEAK_OR_JS_DEPENDENT,False,0,none,no-meaning-or-definition
wifi,https://ovidhan.net/word/wifi.html,0,2,0.0,50.0,BANGLADESH-FILTERED GSC,THIN-LEGACY,D,0,False,LEGACY,True,WEAK_OR_JS_DEPENDENT,False,0,none,no-meaning-or-definition
wouldnt,https://ovidhan.net/word/wouldnt.html,0,2,0.0,42.0,BANGLADESH-FILTERED GSC,THIN-LEGACY,D,0,False,LEGACY,True,WEAK_OR_JS_DEPENDENT,False,0,none,no-meaning-or-definition
acr,https://ovidhan.net/word/acr.html,0,1,0.0,16.0,BANGLADESH-FILTERED GSC,THIN-LEGACY,D,0,False,LEGACY,True,WEAK_OR_JS_DEPENDENT,False,0,none,no-meaning-or-definition
activated,https://ovidhan.net/word/activated.html,0,1,0.0,55.0,BANGLADESH-FILTERED GSC,THIN-LEGACY,D,0,False,LEGACY,True,WEAK_OR_JS_DEPENDENT,False,0,none,no-meaning-or-definition
aladdin,https://ovidhan.net/word/aladdin.html,0,1,0.0,66.0,BANGLADESH-FILTERED GSC,THIN-LEGACY,D,0,False,LEGACY,True,WEAK_OR_JS_DEPENDENT,False,0,none,no-meaning-or-definition
alarmingly,https://ovidhan.net/word/alarmingly.html,0,1,0.0,11.0,BANGLADESH-FILTERED GSC,THIN-LEGACY,D,0,False,LEGACY,True,WEAK_OR_JS_DEPENDENT,False,0,none,no-meaning-or-definition
ambidextrous,https://ovidhan.net/word/ambidextrous.html,0,1,0.0,77.0,BANGLADESH-FILTERED GSC,KEEP-INDEXED,B,3,True,STATIC,True,USEFUL_WITHOUT_JS,True,1,bangla,pos-missing;editorial-status-draft
amc,https://ovidhan.net/word/amc.html,0,1,0.0,41.0,BANGLADESH-FILTERED GSC,THIN-LEGACY,D,0,False,LEGACY,True,WEAK_OR_JS_DEPENDENT,False,0,none,no-meaning-or-definition
amt,https://ovidhan.net/word/amt.html,0,1,0.0,20.0,BANGLADESH-FILTERED GSC,THIN-LEGACY,D,0,False,LEGACY,True,WEAK_OR_JS_DEPENDENT,False,0,none,no-meaning-or-definition
aptly,https://ovidhan.net/word/aptly.html,0,1,0.0,8.0,BANGLADESH-FILTERED GSC,THIN-LEGACY,D,0,False,LEGACY,True,WEAK_OR_JS_DEPENDENT,False,0,none,no-meaning-or-definition
aust,https://ovidhan.net/word/aust.html,0,1,0.0,44.0,BANGLADESH-FILTERED GSC,THIN-LEGACY,D,0,False,LEGACY,True,WEAK_OR_JS_DEPENDENT,False,0,none,no-meaning-or-definition
bailout,https://ovidhan.net/word/bailout.html,0,1,0.0,31.0,BANGLADESH-FILTERED GSC,THIN-LEGACY,D,0,False,LEGACY,True,WEAK_OR_JS_DEPENDENT,False,0,none,no-meaning-or-definition
bidet,https://ovidhan.net/word/bidet.html,0,1,0.0,50.0,BANGLADESH-FILTERED GSC,THIN-LEGACY,D,0,False,LEGACY,True,WEAK_OR_JS_DEPENDENT,False,0,none,no-meaning-or-definition
bloodbath,https://ovidhan.net/word/bloodbath.html,0,1,0.0,10.0,BANGLADESH-FILTERED GSC,THIN-LEGACY,D,0,False,LEGACY,True,WEAK_OR_JS_DEPENDENT,False,0,none,no-meaning-or-definition
bridesmaid,https://ovidhan.net/word/bridesmaid.html,0,1,0.0,33.0,BANGLADESH-FILTERED GSC,THIN-LEGACY,D,0,False,LEGACY,True,WEAK_OR_JS_DEPENDENT,False,0,none,no-meaning-or-definition
calms,https://ovidhan.net/word/calms.html,0,1,0.0,62.0,BANGLADESH-FILTERED GSC,THIN-LEGACY,D,0,False,LEGACY,True,WEAK_OR_JS_DEPENDENT,False,0,none,no-meaning-or-definition
carries,https://ovidhan.net/word/carries.html,0,1,0.0,29.0,BANGLADESH-FILTERED GSC,THIN-LEGACY,D,0,False,LEGACY,True,WEAK_OR_JS_DEPENDENT,False,0,none,no-meaning-or-definition
chargers,https://ovidhan.net/word/chargers.html,0,1,0.0,14.0,BANGLADESH-FILTERED GSC,THIN-LEGACY,D,0,False,LEGACY,True,WEAK_OR_JS_DEPENDENT,False,0,none,no-meaning-or-definition
climber,https://ovidhan.net/word/climber.html,0,1,0.0,71.0,BANGLADESH-FILTERED GSC,THIN-LEGACY,D,0,False,LEGACY,True,WEAK_OR_JS_DEPENDENT,False,0,none,no-meaning-or-definition
constellation,https://ovidhan.net/word/constellation.html,0,1,0.0,27.0,BANGLADESH-FILTERED GSC,REVIEW,B,3,False,LEGACY,True,WEAK_OR_JS_DEPENDENT,False,1,bangla,pos-missing;editorial-status-draft
convicted,https://ovidhan.net/word/convicted.html,0,1,0.0,31.0,BANGLADESH-FILTERED GSC,THIN-LEGACY,D,0,False,LEGACY,True,WEAK_OR_JS_DEPENDENT,False,0,none,no-meaning-or-definition
crosshairs,https://ovidhan.net/word/crosshairs.html,0,1,0.0,11.0,BANGLADESH-FILTERED GSC,THIN-LEGACY,D,0,False,LEGACY,True,WEAK_OR_JS_DEPENDENT,False,0,none,no-meaning-or-definition
crunch,https://ovidhan.net/word/crunch.html,0,1,0.0,78.0,BANGLADESH-FILTERED GSC,REVIEW,B,3,False,LEGACY,True,WEAK_OR_JS_DEPENDENT,False,1,bangla,pos-missing;editorial-status-draft
defeated,https://ovidhan.net/word/defeated.html,0,1,0.0,33.0,BANGLADESH-FILTERED GSC,THIN-LEGACY,D,0,False,LEGACY,True,WEAK_OR_JS_DEPENDENT,False,0,none,no-meaning-or-definition
deficit,https://ovidhan.net/word/deficit.html,0,1,0.0,69.0,BANGLADESH-FILTERED GSC,REVIEW,B,3,False,LEGACY,True,WEAK_OR_JS_DEPENDENT,False,1,bangla,pos-missing;editorial-status-draft
demarcation,https://ovidhan.net/word/demarcation.html,0,1,0.0,71.0,BANGLADESH-FILTERED GSC,THIN-LEGACY,D,0,False,LEGACY,True,WEAK_OR_JS_DEPENDENT,False,0,none,no-meaning-or-definition
demonstrably,https://ovidhan.net/word/demonstrably.html,0,1,0.0,60.0,BANGLADESH-FILTERED GSC,THIN-LEGACY,D,0,False,LEGACY,True,WEAK_OR_JS_DEPENDENT,False,0,none,no-meaning-or-definition
dickinson,https://ovidhan.net/word/dickinson.html,0,1,0.0,7.0,BANGLADESH-FILTERED GSC,THIN-LEGACY,D,0,False,LEGACY,True,WEAK_OR_JS_DEPENDENT,False,0,none,no-meaning-or-definition
dropout,https://ovidhan.net/word/dropout.html,0,1,0.0,61.0,BANGLADESH-FILTERED GSC,THIN-LEGACY,D,0,False,LEGACY,True,WEAK_OR_JS_DEPENDENT,False,0,none,no-meaning-or-definition
dubai,https://ovidhan.net/word/dubai.html,0,1,0.0,41.0,BANGLADESH-FILTERED GSC,THIN-LEGACY,D,0,False,LEGACY,True,WEAK_OR_JS_DEPENDENT,False,0,none,no-meaning-or-definition
dundee,https://ovidhan.net/word/dundee.html,0,1,0.0,27.0,BANGLADESH-FILTERED GSC,THIN-LEGACY,D,0,False,LEGACY,True,WEAK_OR_JS_DEPENDENT,False,0,none,no-meaning-or-definition
economical,https://ovidhan.net/word/economical.html,0,1,0.0,30.0,BANGLADESH-FILTERED GSC,REVIEW,B,3,False,LEGACY,True,WEAK_OR_JS_DEPENDENT,False,1,bangla,pos-missing;editorial-status-draft
electron,https://ovidhan.net/word/electron.html,0,1,0.0,65.0,BANGLADESH-FILTERED GSC,THIN-LEGACY,D,0,False,LEGACY,True,WEAK_OR_JS_DEPENDENT,False,0,none,no-meaning-or-definition
equable,https://ovidhan.net/word/equable.html,0,1,0.0,39.0,BANGLADESH-FILTERED GSC,REVIEW,B,3,False,LEGACY,True,WEAK_OR_JS_DEPENDENT,False,1,bangla,pos-missing;editorial-status-draft
excellency,https://ovidhan.net/word/excellency.html,0,1,0.0,56.0,BANGLADESH-FILTERED GSC,THIN-LEGACY,D,0,False,LEGACY,True,WEAK_OR_JS_DEPENDENT,False,0,none,no-meaning-or-definition
expats,https://ovidhan.net/word/expats.html,0,1,0.0,94.0,BANGLADESH-FILTERED GSC,THIN-LEGACY,D,0,False,LEGACY,True,WEAK_OR_JS_DEPENDENT,False,0,none,no-meaning-or-definition
extradition,https://ovidhan.net/word/extradition.html,0,1,0.0,35.0,BANGLADESH-FILTERED GSC,THIN-LEGACY,D,0,False,LEGACY,True,WEAK_OR_JS_DEPENDENT,False,0,none,no-meaning-or-definition
faggot,https://ovidhan.net/word/faggot.html,0,1,0.0,10.0,BANGLADESH-FILTERED GSC,THIN-LEGACY,D,0,False,LEGACY,True,WEAK_OR_JS_DEPENDENT,False,0,none,no-meaning-or-definition
february,https://ovidhan.net/word/february.html,0,1,0.0,55.0,BANGLADESH-FILTERED GSC,REVIEW,A,7,False,LEGACY,True,WEAK_OR_JS_DEPENDENT,False,4,bangla;definition;part_of_speech;example,all-source-examples-rejected
friction,https://ovidhan.net/word/friction.html,0,1,0.0,51.0,BANGLADESH-FILTERED GSC,REVIEW,B,3,False,LEGACY,True,WEAK_OR_JS_DEPENDENT,False,1,bangla,pos-missing;editorial-status-draft
ful,https://ovidhan.net/word/ful.html,0,1,0.0,54.0,BANGLADESH-FILTERED GSC,THIN-LEGACY,D,0,False,LEGACY,True,WEAK_OR_JS_DEPENDENT,False,0,none,no-meaning-or-definition
fullest,https://ovidhan.net/word/fullest.html,0,1,0.0,10.0,BANGLADESH-FILTERED GSC,THIN-LEGACY,D,0,False,LEGACY,True,WEAK_OR_JS_DEPENDENT,False,0,none,no-meaning-or-definition
gusting,https://ovidhan.net/word/gusting.html,0,1,0.0,52.0,BANGLADESH-FILTERED GSC,THIN-LEGACY,D,0,False,LEGACY,True,WEAK_OR_JS_DEPENDENT,False,0,none,no-meaning-or-definition
hallmark,https://ovidhan.net/word/hallmark.html,0,1,0.0,42.0,BANGLADESH-FILTERED GSC,REVIEW,B,3,False,LEGACY,True,WEAK_OR_JS_DEPENDENT,False,1,bangla,pos-missing;editorial-status-draft
hosted,https://ovidhan.net/word/hosted.html,0,1,0.0,8.0,BANGLADESH-FILTERED GSC,REVIEW,A,7,False,LEGACY,True,WEAK_OR_JS_DEPENDENT,False,4,bangla;definition;part_of_speech;example,all-source-examples-rejected
insurrection,https://ovidhan.net/word/insurrection.html,0,1,0.0,34.0,BANGLADESH-FILTERED GSC,THIN-LEGACY,D,0,False,LEGACY,True,WEAK_OR_JS_DEPENDENT,False,0,none,no-meaning-or-definition
integrity,https://ovidhan.net/word/integrity.html,0,1,0.0,48.0,BANGLADESH-FILTERED GSC,REVIEW,B,3,False,LEGACY,True,WEAK_OR_JS_DEPENDENT,False,1,bangla,pos-missing;editorial-status-draft
johannesburg,https://ovidhan.net/word/johannesburg.html,0,1,0.0,9.0,BANGLADESH-FILTERED GSC,THIN-LEGACY,D,0,False,LEGACY,True,WEAK_OR_JS_DEPENDENT,False,0,none,no-meaning-or-definition
kinder,https://ovidhan.net/word/kinder.html,0,1,0.0,7.0,BANGLADESH-FILTERED GSC,THIN-LEGACY,D,0,False,LEGACY,True,WEAK_OR_JS_DEPENDENT,False,0,none,no-meaning-or-definition
labour,https://ovidhan.net/word/labour.html,0,1,0.0,19.0,BANGLADESH-FILTERED GSC,REVIEW,B,3,False,LEGACY,True,WEAK_OR_JS_DEPENDENT,False,1,bangla,pos-missing;editorial-status-draft
landowner,https://ovidhan.net/word/landowner.html,0,1,0.0,64.0,BANGLADESH-FILTERED GSC,THIN-LEGACY,D,0,False,LEGACY,True,WEAK_OR_JS_DEPENDENT,False,0,none,no-meaning-or-definition
lash,https://ovidhan.net/word/lash.html,0,1,0.0,83.0,BANGLADESH-FILTERED GSC,REVIEW,B,3,False,LEGACY,True,WEAK_OR_JS_DEPENDENT,False,1,bangla,pos-missing;editorial-status-draft
latex,https://ovidhan.net/word/latex.html,0,1,0.0,33.0,BANGLADESH-FILTERED GSC,THIN-LEGACY,D,0,False,LEGACY,True,WEAK_OR_JS_DEPENDENT,False,0,none,no-meaning-or-definition
launchpad,https://ovidhan.net/word/launchpad.html,0,1,0.0,12.0,BANGLADESH-FILTERED GSC,THIN-LEGACY,D,0,False,LEGACY,True,WEAK_OR_JS_DEPENDENT,False,0,none,no-meaning-or-definition
layers,https://ovidhan.net/word/layers.html,0,1,0.0,85.0,BANGLADESH-FILTERED GSC,THIN-LEGACY,D,0,False,LEGACY,True,WEAK_OR_JS_DEPENDENT,False,0,none,no-meaning-or-definition
lepers,https://ovidhan.net/word/lepers.html,0,1,0.0,48.0,BANGLADESH-FILTERED GSC,THIN-LEGACY,D,0,False,LEGACY,True,WEAK_OR_JS_DEPENDENT,False,0,none,no-meaning-or-definition
leukaemia,https://ovidhan.net/word/leukaemia.html,0,1,0.0,96.0,BANGLADESH-FILTERED GSC,THIN-LEGACY,D,0,False,LEGACY,True,WEAK_OR_JS_DEPENDENT,False,0,none,no-meaning-or-definition
liberals,https://ovidhan.net/word/liberals.html,0,1,0.0,62.0,BANGLADESH-FILTERED GSC,THIN-LEGACY,D,0,False,LEGACY,True,WEAK_OR_JS_DEPENDENT,False,0,none,no-meaning-or-definition
lions,https://ovidhan.net/word/lions.html,0,1,0.0,66.0,BANGLADESH-FILTERED GSC,THIN-LEGACY,D,0,False,LEGACY,True,WEAK_OR_JS_DEPENDENT,False,0,none,no-meaning-or-definition
ll,https://ovidhan.net/word/ll.html,0,1,0.0,36.0,BANGLADESH-FILTERED GSC,THIN-LEGACY,D,0,False,LEGACY,True,WEAK_OR_JS_DEPENDENT,False,0,none,no-meaning-or-definition
loophole,https://ovidhan.net/word/loophole.html,0,1,0.0,11.0,BANGLADESH-FILTERED GSC,REVIEW,B,3,False,LEGACY,True,WEAK_OR_JS_DEPENDENT,False,1,bangla,pos-missing;editorial-status-draft
lucifer,https://ovidhan.net/word/lucifer.html,0,1,0.0,28.0,BANGLADESH-FILTERED GSC,THIN-LEGACY,D,0,False,LEGACY,True,WEAK_OR_JS_DEPENDENT,False,0,none,no-meaning-or-definition
lunatic,https://ovidhan.net/word/lunatic.html,0,1,0.0,10.0,BANGLADESH-FILTERED GSC,THIN-LEGACY,D,0,False,LEGACY,True,WEAK_OR_JS_DEPENDENT,False,0,none,no-meaning-or-definition
maids,https://ovidhan.net/word/maids.html,0,1,0.0,87.0,BANGLADESH-FILTERED GSC,THIN-LEGACY,D,0,False,LEGACY,True,WEAK_OR_JS_DEPENDENT,False,0,none,no-meaning-or-definition
manhood,https://ovidhan.net/word/manhood.html,0,1,0.0,35.0,BANGLADESH-FILTERED GSC,THIN-LEGACY,D,0,False,LEGACY,True,WEAK_OR_JS_DEPENDENT,False,0,none,no-meaning-or-definition
manipulate,https://ovidhan.net/word/manipulate.html,0,1,0.0,53.0,BANGLADESH-FILTERED GSC,REVIEW,B,3,False,LEGACY,True,WEAK_OR_JS_DEPENDENT,False,1,bangla,pos-missing;editorial-status-draft
mannings,https://ovidhan.net/word/mannings.html,0,1,0.0,4.0,BANGLADESH-FILTERED GSC,INVALID/NOISE,D,0,False,LEGACY,True,WEAK_OR_JS_DEPENDENT,False,0,source-record-missing,source-record-missing
manufactures,https://ovidhan.net/word/manufactures.html,0,1,0.0,48.0,BANGLADESH-FILTERED GSC,THIN-LEGACY,D,0,False,LEGACY,True,WEAK_OR_JS_DEPENDENT,False,0,none,no-meaning-or-definition
manuscript,https://ovidhan.net/word/manuscript.html,0,1,0.0,49.0,BANGLADESH-FILTERED GSC,THIN-LEGACY,D,0,False,LEGACY,True,WEAK_OR_JS_DEPENDENT,False,0,none,no-meaning-or-definition
masturbation,https://ovidhan.net/word/masturbation.html,0,1,0.0,72.0,BANGLADESH-FILTERED GSC,THIN-LEGACY,D,0,False,LEGACY,True,WEAK_OR_JS_DEPENDENT,False,0,none,no-meaning-or-definition
maxs,https://ovidhan.net/word/maxs.html,0,1,0.0,53.0,BANGLADESH-FILTERED GSC,INVALID/NOISE,D,0,False,LEGACY,True,WEAK_OR_JS_DEPENDENT,False,0,source-record-missing,source-record-missing
mayhem,https://ovidhan.net/word/mayhem.html,0,1,0.0,11.0,BANGLADESH-FILTERED GSC,REVIEW,B,3,False,LEGACY,True,WEAK_OR_JS_DEPENDENT,False,1,bangla,pos-missing;editorial-status-draft
mayors,https://ovidhan.net/word/mayors.html,0,1,0.0,44.0,BANGLADESH-FILTERED GSC,THIN-LEGACY,D,0,False,LEGACY,True,WEAK_OR_JS_DEPENDENT,False,0,none,no-meaning-or-definition
mcc,https://ovidhan.net/word/mcc.html,0,1,0.0,64.0,BANGLADESH-FILTERED GSC,THIN-LEGACY,D,0,False,LEGACY,True,WEAK_OR_JS_DEPENDENT,False,0,none,no-meaning-or-definition
meddling,https://ovidhan.net/word/meddling.html,0,1,0.0,21.0,BANGLADESH-FILTERED GSC,THIN-LEGACY,D,0,False,LEGACY,True,WEAK_OR_JS_DEPENDENT,False,0,none,no-meaning-or-definition
meetups,https://ovidhan.net/word/meetups.html,0,1,0.0,63.0,BANGLADESH-FILTERED GSC,THIN-LEGACY,D,0,False,LEGACY,True,WEAK_OR_JS_DEPENDENT,False,0,none,no-meaning-or-definition
merc,https://ovidhan.net/word/merc.html,0,1,0.0,86.0,BANGLADESH-FILTERED GSC,THIN-LEGACY,D,0,False,LEGACY,True,WEAK_OR_JS_DEPENDENT,False,0,none,no-meaning-or-definition
mercantile,https://ovidhan.net/word/mercantile.html,0,1,0.0,11.0,BANGLADESH-FILTERED GSC,REVIEW,B,3,False,LEGACY,True,WEAK_OR_JS_DEPENDENT,False,1,bangla,pos-missing;editorial-status-draft
mesopotamia,https://ovidhan.net/word/mesopotamia.html,0,1,0.0,56.0,BANGLADESH-FILTERED GSC,THIN-LEGACY,D,0,False,LEGACY,True,WEAK_OR_JS_DEPENDENT,False,0,none,no-meaning-or-definition
mess,https://ovidhan.net/word/mess.html,0,1,0.0,62.0,BANGLADESH-FILTERED GSC,REVIEW,B,3,False,LEGACY,True,WEAK_OR_JS_DEPENDENT,False,1,bangla,pos-missing;editorial-status-draft
messis,https://ovidhan.net/word/messis.html,0,1,0.0,35.0,BANGLADESH-FILTERED GSC,INVALID/NOISE,D,0,False,LEGACY,True,WEAK_OR_JS_DEPENDENT,False,0,source-record-missing,source-record-missing
meteorology,https://ovidhan.net/word/meteorology.html,0,1,0.0,53.0,BANGLADESH-FILTERED GSC,THIN-LEGACY,D,0,False,LEGACY,True,WEAK_OR_JS_DEPENDENT,False,0,none,no-meaning-or-definition
metres,https://ovidhan.net/word/metres.html,0,1,0.0,47.0,BANGLADESH-FILTERED GSC,THIN-LEGACY,D,0,False,LEGACY,True,WEAK_OR_JS_DEPENDENT,False,0,none,no-meaning-or-definition
metropolitan,https://ovidhan.net/word/metropolitan.html,0,1,0.0,76.0,BANGLADESH-FILTERED GSC,THIN-LEGACY,D,0,False,LEGACY,True,WEAK_OR_JS_DEPENDENT,False,0,none,no-meaning-or-definition
mfa,https://ovidhan.net/word/mfa.html,0,1,0.0,84.0,BANGLADESH-FILTERED GSC,THIN-LEGACY,D,0,False,LEGACY,True,WEAK_OR_JS_DEPENDENT,False,0,none,no-meaning-or-definition
mgs,https://ovidhan.net/word/mgs.html,0,1,0.0,47.0,BANGLADESH-FILTERED GSC,THIN-LEGACY,D,0,False,LEGACY,True,WEAK_OR_JS_DEPENDENT,False,0,none,no-meaning-or-definition
mib,https://ovidhan.net/word/mib.html,0,1,0.0,58.0,BANGLADESH-FILTERED GSC,THIN-LEGACY,D,0,False,LEGACY,True,WEAK_OR_JS_DEPENDENT,False,0,none,no-meaning-or-definition
mic,https://ovidhan.net/word/mic.html,0,1,0.0,32.0,BANGLADESH-FILTERED GSC,THIN-LEGACY,D,0,False,LEGACY,True,WEAK_OR_JS_DEPENDENT,False,0,none,no-meaning-or-definition
militant,https://ovidhan.net/word/militant.html,0,1,0.0,27.0,BANGLADESH-FILTERED GSC,REVIEW,B,3,False,LEGACY,True,WEAK_OR_JS_DEPENDENT,False,1,bangla,pos-missing;editorial-status-draft
miner,https://ovidhan.net/word/miner.html,0,1,0.0,56.0,BANGLADESH-FILTERED GSC,THIN-LEGACY,D,0,False,LEGACY,True,WEAK_OR_JS_DEPENDENT,False,0,none,no-meaning-or-definition
mirth,https://ovidhan.net/word/mirth.html,0,1,0.0,24.0,BANGLADESH-FILTERED GSC,REVIEW,B,3,False,LEGACY,True,WEAK_OR_JS_DEPENDENT,False,1,bangla,pos-missing;editorial-status-draft
mishandling,https://ovidhan.net/word/mishandling.html,0,1,0.0,10.0,BANGLADESH-FILTERED GSC,THIN-LEGACY,D,0,False,LEGACY,True,WEAK_OR_JS_DEPENDENT,False,0,none,no-meaning-or-definition
mitochondria,https://ovidhan.net/word/mitochondria.html,0,1,0.0,45.0,BANGLADESH-FILTERED GSC,THIN-LEGACY,D,0,False,LEGACY,True,WEAK_OR_JS_DEPENDENT,False,0,none,no-meaning-or-definition
moisturizing,https://ovidhan.net/word/moisturizing.html,0,1,0.0,67.0,BANGLADESH-FILTERED GSC,THIN-LEGACY,D,0,False,LEGACY,True,WEAK_OR_JS_DEPENDENT,False,0,none,no-meaning-or-definition
monumental,https://ovidhan.net/word/monumental.html,0,1,0.0,26.0,BANGLADESH-FILTERED GSC,REVIEW,B,3,False,LEGACY,True,WEAK_OR_JS_DEPENDENT,False,1,bangla,pos-missing;editorial-status-draft
mps,https://ovidhan.net/word/mps.html,0,1,0.0,63.0,BANGLADESH-FILTERED GSC,THIN-LEGACY,D,0,False,LEGACY,True,WEAK_OR_JS_DEPENDENT,False,0,none,no-meaning-or-definition
mucous,https://ovidhan.net/word/mucous.html,0,1,0.0,64.0,BANGLADESH-FILTERED GSC,THIN-LEGACY,D,0,False,LEGACY,True,WEAK_OR_JS_DEPENDENT,False,0,none,no-meaning-or-definition
municipality,https://ovidhan.net/word/municipality.html,0,1,0.0,52.0,BANGLADESH-FILTERED GSC,THIN-LEGACY,D,0,False,LEGACY,True,WEAK_OR_JS_DEPENDENT,False,0,none,no-meaning-or-definition
musk,https://ovidhan.net/word/musk.html,0,1,0.0,34.0,BANGLADESH-FILTERED GSC,REVIEW,B,3,False,LEGACY,True,WEAK_OR_JS_DEPENDENT,False,1,bangla,pos-missing;editorial-status-draft
mutiny,https://ovidhan.net/word/mutiny.html,0,1,0.0,38.0,BANGLADESH-FILTERED GSC,REVIEW,B,3,False,LEGACY,True,WEAK_OR_JS_DEPENDENT,False,1,bangla,pos-missing;editorial-status-draft
nest,https://ovidhan.net/word/nest.html,0,1,0.0,74.0,BANGLADESH-FILTERED GSC,REVIEW,B,3,False,LEGACY,True,WEAK_OR_JS_DEPENDENT,False,1,bangla,pos-missing;editorial-status-draft
nevertheless,https://ovidhan.net/word/nevertheless.html,0,1,0.0,47.0,BANGLADESH-FILTERED GSC,REVIEW,B,3,False,LEGACY,True,WEAK_OR_JS_DEPENDENT,False,1,bangla,pos-missing;editorial-status-draft
nibbles,https://ovidhan.net/word/nibbles.html,0,1,0.0,34.0,BANGLADESH-FILTERED GSC,THIN-LEGACY,D,0,False,LEGACY,True,WEAK_OR_JS_DEPENDENT,False,0,none,no-meaning-or-definition
ninety,https://ovidhan.net/word/ninety.html,0,1,0.0,40.0,BANGLADESH-FILTERED GSC,THIN-LEGACY,D,0,False,LEGACY,True,WEAK_OR_JS_DEPENDENT,False,0,none,no-meaning-or-definition
nun,https://ovidhan.net/word/nun.html,0,1,0.0,33.0,BANGLADESH-FILTERED GSC,REVIEW,B,3,False,LEGACY,True,WEAK_OR_JS_DEPENDENT,False,1,bangla,pos-missing;editorial-status-draft
nutshell,https://ovidhan.net/word/nutshell.html,0,1,0.0,21.0,BANGLADESH-FILTERED GSC,THIN-LEGACY,D,0,False,LEGACY,True,WEAK_OR_JS_DEPENDENT,False,0,none,no-meaning-or-definition
odysseus,https://ovidhan.net/word/odysseus.html,0,1,0.0,56.0,BANGLADESH-FILTERED GSC,THIN-LEGACY,D,0,False,LEGACY,True,WEAK_OR_JS_DEPENDENT,False,0,none,no-meaning-or-definition
offended,https://ovidhan.net/word/offended.html,0,1,0.0,39.0,BANGLADESH-FILTERED GSC,THIN-LEGACY,D,0,False,LEGACY,True,WEAK_OR_JS_DEPENDENT,False,0,none,no-meaning-or-definition
offset,https://ovidhan.net/word/offset.html,0,1,0.0,92.0,BANGLADESH-FILTERED GSC,REVIEW,B,3,False,LEGACY,True,WEAK_OR_JS_DEPENDENT,False,1,bangla,pos-missing;editorial-status-draft
on,https://ovidhan.net/word/on.html,0,1,0.0,74.0,BANGLADESH-FILTERED GSC,REVIEW,A,7,False,LEGACY,True,WEAK_OR_JS_DEPENDENT,False,4,bangla;definition;part_of_speech;example,all-source-examples-rejected;short-token-review
opal,https://ovidhan.net/word/opal.html,0,1,0.0,38.0,BANGLADESH-FILTERED GSC,THIN-LEGACY,D,0,False,LEGACY,True,WEAK_OR_JS_DEPENDENT,False,0,none,no-meaning-or-definition
opp,https://ovidhan.net/word/opp.html,0,1,0.0,71.0,BANGLADESH-FILTERED GSC,THIN-LEGACY,D,0,False,LEGACY,True,WEAK_OR_JS_DEPENDENT,False,0,none,no-meaning-or-definition
opportune,https://ovidhan.net/word/opportune.html,0,1,0.0,57.0,BANGLADESH-FILTERED GSC,REVIEW,B,3,False,LEGACY,True,WEAK_OR_JS_DEPENDENT,False,1,bangla,pos-missing;editorial-status-draft
oratory,https://ovidhan.net/word/oratory.html,0,1,0.0,35.0,BANGLADESH-FILTERED GSC,THIN-LEGACY,D,0,False,LEGACY,True,WEAK_OR_JS_DEPENDENT,False,0,none,no-meaning-or-definition
otp,https://ovidhan.net/word/otp.html,0,1,0.0,37.0,BANGLADESH-FILTERED GSC,THIN-LEGACY,D,0,False,LEGACY,True,WEAK_OR_JS_DEPENDENT,False,0,none,no-meaning-or-definition
overhauling,https://ovidhan.net/word/overhauling.html,0,1,0.0,67.0,BANGLADESH-FILTERED GSC,THIN-LEGACY,D,0,False,LEGACY,True,WEAK_OR_JS_DEPENDENT,False,0,none,no-meaning-or-definition
overland,https://ovidhan.net/word/overland.html,0,1,0.0,10.0,BANGLADESH-FILTERED GSC,THIN-LEGACY,D,0,False,LEGACY,True,WEAK_OR_JS_DEPENDENT,False,0,none,no-meaning-or-definition
oversee,https://ovidhan.net/word/oversee.html,0,1,0.0,12.0,BANGLADESH-FILTERED GSC,REVIEW,B,3,False,LEGACY,True,WEAK_OR_JS_DEPENDENT,False,1,bangla,pos-missing;editorial-status-draft
overworked,https://ovidhan.net/word/overworked.html,0,1,0.0,41.0,BANGLADESH-FILTERED GSC,THIN-LEGACY,D,0,False,LEGACY,True,WEAK_OR_JS_DEPENDENT,False,0,none,no-meaning-or-definition
pallet,https://ovidhan.net/word/pallet.html,0,1,0.0,95.0,BANGLADESH-FILTERED GSC,THIN-LEGACY,D,0,False,LEGACY,True,WEAK_OR_JS_DEPENDENT,False,0,none,no-meaning-or-definition
paradis,https://ovidhan.net/word/paradis.html,0,1,0.0,71.0,BANGLADESH-FILTERED GSC,THIN-LEGACY,D,0,False,LEGACY,True,WEAK_OR_JS_DEPENDENT,False,0,none,no-meaning-or-definition
parked,https://ovidhan.net/word/parked.html,0,1,0.0,87.0,BANGLADESH-FILTERED GSC,THIN-LEGACY,D,0,False,LEGACY,True,WEAK_OR_JS_DEPENDENT,False,0,none,no-meaning-or-definition
parochial,https://ovidhan.net/word/parochial.html,0,1,0.0,21.0,BANGLADESH-FILTERED GSC,THIN-LEGACY,D,0,False,LEGACY,True,WEAK_OR_JS_DEPENDENT,False,0,none,no-meaning-or-definition
patronage,https://ovidhan.net/word/patronage.html,0,1,0.0,29.0,BANGLADESH-FILTERED GSC,THIN-LEGACY,D,0,False,LEGACY,True,WEAK_OR_JS_DEPENDENT,False,0,none,no-meaning-or-definition
payoff,https://ovidhan.net/word/payoff.html,0,1,0.0,87.0,BANGLADESH-FILTERED GSC,THIN-LEGACY,D,0,False,LEGACY,True,WEAK_OR_JS_DEPENDENT,False,0,none,no-meaning-or-definition
peculiarly,https://ovidhan.net/word/peculiarly.html,0,1,0.0,47.0,BANGLADESH-FILTERED GSC,THIN-LEGACY,D,0,False,LEGACY,True,WEAK_OR_JS_DEPENDENT,False,0,none,no-meaning-or-definition
pedestrian,https://ovidhan.net/word/pedestrian.html,0,1,0.0,25.0,BANGLADESH-FILTERED GSC,REVIEW,B,3,False,LEGACY,True,WEAK_OR_JS_DEPENDENT,False,1,bangla,pos-missing;editorial-status-draft
pediatric,https://ovidhan.net/word/pediatric.html,0,1,0.0,61.0,BANGLADESH-FILTERED GSC,THIN-LEGACY,D,0,False,LEGACY,True,WEAK_OR_JS_DEPENDENT,False,0,none,no-meaning-or-definition
peeing,https://ovidhan.net/word/peeing.html,0,1,0.0,52.0,BANGLADESH-FILTERED GSC,THIN-LEGACY,D,0,False,LEGACY,True,WEAK_OR_JS_DEPENDENT,False,0,none,no-meaning-or-definition
peeks,https://ovidhan.net/word/peeks.html,0,1,0.0,67.0,BANGLADESH-FILTERED GSC,THIN-LEGACY,D,0,False,LEGACY,True,WEAK_OR_JS_DEPENDENT,False,0,none,no-meaning-or-definition
peeling,https://ovidhan.net/word/peeling.html,0,1,0.0,57.0,BANGLADESH-FILTERED GSC,THIN-LEGACY,D,0,False,LEGACY,True,WEAK_OR_JS_DEPENDENT,False,0,none,no-meaning-or-definition
peerless,https://ovidhan.net/word/peerless.html,0,1,0.0,32.0,BANGLADESH-FILTERED GSC,THIN-LEGACY,D,0,False,LEGACY,True,WEAK_OR_JS_DEPENDENT,False,0,none,no-meaning-or-definition
penicillin,https://ovidhan.net/word/penicillin.html,0,1,0.0,67.0,BANGLADESH-FILTERED GSC,THIN-LEGACY,D,0,False,LEGACY,True,WEAK_OR_JS_DEPENDENT,False,0,none,no-meaning-or-definition
permanence,https://ovidhan.net/word/permanence.html,0,1,0.0,11.0,BANGLADESH-FILTERED GSC,THIN-LEGACY,D,0,False,LEGACY,True,WEAK_OR_JS_DEPENDENT,False,0,none,no-meaning-or-definition
pernicious,https://ovidhan.net/word/pernicious.html,0,1,0.0,13.0,BANGLADESH-FILTERED GSC,THIN-LEGACY,D,0,False,LEGACY,True,WEAK_OR_JS_DEPENDENT,False,0,none,no-meaning-or-definition
pers,https://ovidhan.net/word/pers.html,0,1,0.0,11.0,BANGLADESH-FILTERED GSC,THIN-LEGACY,D,0,False,LEGACY,True,WEAK_OR_JS_DEPENDENT,False,0,none,no-meaning-or-definition
perseverance,https://ovidhan.net/word/perseverance.html,0,1,0.0,42.0,BANGLADESH-FILTERED GSC,THIN-LEGACY,D,0,False,LEGACY,True,WEAK_OR_JS_DEPENDENT,False,0,none,no-meaning-or-definition
perturbation,https://ovidhan.net/word/perturbation.html,0,1,0.0,44.0,BANGLADESH-FILTERED GSC,THIN-LEGACY,D,0,False,LEGACY,True,WEAK_OR_JS_DEPENDENT,False,0,none,no-meaning-or-definition
phenomenon,https://ovidhan.net/word/phenomenon.html,0,1,0.0,55.0,BANGLADESH-FILTERED GSC,REVIEW,B,3,False,LEGACY,True,WEAK_OR_JS_DEPENDENT,False,1,bangla,pos-missing;editorial-status-draft
picky,https://ovidhan.net/word/picky.html,0,1,0.0,27.0,BANGLADESH-FILTERED GSC,THIN-LEGACY,D,0,False,LEGACY,True,WEAK_OR_JS_DEPENDENT,False,0,none,no-meaning-or-definition
pisces,https://ovidhan.net/word/pisces.html,0,1,0.0,41.0,BANGLADESH-FILTERED GSC,THIN-LEGACY,D,0,False,LEGACY,True,WEAK_OR_JS_DEPENDENT,False,0,none,no-meaning-or-definition
polytechnic,https://ovidhan.net/word/polytechnic.html,0,1,0.0,30.0,BANGLADESH-FILTERED GSC,THIN-LEGACY,D,0,False,LEGACY,True,WEAK_OR_JS_DEPENDENT,False,0,none,no-meaning-or-definition
pork,https://ovidhan.net/word/pork.html,0,1,0.0,76.0,BANGLADESH-FILTERED GSC,THIN-LEGACY,D,0,False,LEGACY,True,WEAK_OR_JS_DEPENDENT,False,0,none,no-meaning-or-definition
portrayal,https://ovidhan.net/word/portrayal.html,0,1,0.0,72.0,BANGLADESH-FILTERED GSC,THIN-LEGACY,D,0,False,LEGACY,True,WEAK_OR_JS_DEPENDENT,False,0,none,no-meaning-or-definition
pose,https://ovidhan.net/word/pose.html,0,1,0.0,19.0,BANGLADESH-FILTERED GSC,REVIEW,B,3,False,LEGACY,True,WEAK_OR_JS_DEPENDENT,False,1,bangla,pos-missing;editorial-status-draft
predecessors,https://ovidhan.net/word/predecessors.html,0,1,0.0,62.0,BANGLADESH-FILTERED GSC,THIN-LEGACY,D,0,False,LEGACY,True,WEAK_OR_JS_DEPENDENT,False,0,none,no-meaning-or-definition
predominantly,https://ovidhan.net/word/predominantly.html,0,1,0.0,41.0,BANGLADESH-FILTERED GSC,THIN-LEGACY,D,0,False,LEGACY,True,WEAK_OR_JS_DEPENDENT,False,0,none,no-meaning-or-definition
premises,https://ovidhan.net/word/premises.html,0,1,0.0,18.0,BANGLADESH-FILTERED GSC,THIN-LEGACY,D,0,False,LEGACY,True,WEAK_OR_JS_DEPENDENT,False,0,none,no-meaning-or-definition
pretense,https://ovidhan.net/word/pretense.html,0,1,0.0,58.0,BANGLADESH-FILTERED GSC,THIN-LEGACY,D,0,False,LEGACY,True,WEAK_OR_JS_DEPENDENT,False,0,none,no-meaning-or-definition
pretentious,https://ovidhan.net/word/pretentious.html,0,1,0.0,31.0,BANGLADESH-FILTERED GSC,THIN-LEGACY,D,0,False,LEGACY,True,WEAK_OR_JS_DEPENDENT,False,0,none,no-meaning-or-definition
probationary,https://ovidhan.net/word/probationary.html,0,1,0.0,58.0,BANGLADESH-FILTERED GSC,THIN-LEGACY,D,0,False,LEGACY,True,WEAK_OR_JS_DEPENDENT,False,0,none,no-meaning-or-definition
procure,https://ovidhan.net/word/procure.html,0,1,0.0,19.0,BANGLADESH-FILTERED GSC,REVIEW,B,3,False,LEGACY,True,WEAK_OR_JS_DEPENDENT,False,1,bangla,pos-missing;editorial-status-draft
projected,https://ovidhan.net/word/projected.html,0,1,0.0,65.0,BANGLADESH-FILTERED GSC,THIN-LEGACY,D,0,False,LEGACY,True,WEAK_OR_JS_DEPENDENT,False,0,none,no-meaning-or-definition
prologue,https://ovidhan.net/word/prologue.html,0,1,0.0,31.0,BANGLADESH-FILTERED GSC,REVIEW,B,3,False,LEGACY,True,WEAK_OR_JS_DEPENDENT,False,1,bangla,pos-missing;editorial-status-draft
propagating,https://ovidhan.net/word/propagating.html,0,1,0.0,83.0,BANGLADESH-FILTERED GSC,THIN-LEGACY,D,0,False,LEGACY,True,WEAK_OR_JS_DEPENDENT,False,0,none,no-meaning-or-definition
proprietary,https://ovidhan.net/word/proprietary.html,0,1,0.0,11.0,BANGLADESH-FILTERED GSC,REVIEW,B,3,False,LEGACY,True,WEAK_OR_JS_DEPENDENT,False,1,bangla,pos-missing;editorial-status-draft
prospectus,https://ovidhan.net/word/prospectus.html,0,1,0.0,34.0,BANGLADESH-FILTERED GSC,THIN-LEGACY,D,0,False,LEGACY,True,WEAK_OR_JS_DEPENDENT,False,0,none,no-meaning-or-definition
protectors,https://ovidhan.net/word/protectors.html,0,1,0.0,45.0,BANGLADESH-FILTERED GSC,THIN-LEGACY,D,0,False,LEGACY,True,WEAK_OR_JS_DEPENDENT,False,0,none,no-meaning-or-definition
purchaser,https://ovidhan.net/word/purchaser.html,0,1,0.0,78.0,BANGLADESH-FILTERED GSC,THIN-LEGACY,D,0,False,LEGACY,True,WEAK_OR_JS_DEPENDENT,False,0,none,no-meaning-or-definition
purge,https://ovidhan.net/word/purge.html,0,1,0.0,42.0,BANGLADESH-FILTERED GSC,REVIEW,B,3,False,LEGACY,True,WEAK_OR_JS_DEPENDENT,False,1,bangla,pos-missing;editorial-status-draft
quake,https://ovidhan.net/word/quake.html,0,1,0.0,37.0,BANGLADESH-FILTERED GSC,REVIEW,B,3,False,LEGACY,True,WEAK_OR_JS_DEPENDENT,False,1,bangla,pos-missing;editorial-status-draft
quarry,https://ovidhan.net/word/quarry.html,0,1,0.0,37.0,BANGLADESH-FILTERED GSC,REVIEW,B,3,False,LEGACY,True,WEAK_OR_JS_DEPENDENT,False,1,bangla,pos-missing;editorial-status-draft
quests,https://ovidhan.net/word/quests.html,0,1,0.0,60.0,BANGLADESH-FILTERED GSC,THIN-LEGACY,D,0,False,LEGACY,True,WEAK_OR_JS_DEPENDENT,False,0,none,no-meaning-or-definition
rainbow,https://ovidhan.net/word/rainbow.html,0,1,0.0,43.0,BANGLADESH-FILTERED GSC,THIN-LEGACY,D,0,False,LEGACY,True,WEAK_OR_JS_DEPENDENT,False,0,none,no-meaning-or-definition
rant,https://ovidhan.net/word/rant.html,0,1,0.0,58.0,BANGLADESH-FILTERED GSC,REVIEW,B,3,False,LEGACY,True,WEAK_OR_JS_DEPENDENT,False,1,bangla,pos-missing;editorial-status-draft
rashid,https://ovidhan.net/word/rashid.html,0,1,0.0,63.0,BANGLADESH-FILTERED GSC,THIN-LEGACY,D,0,False,LEGACY,True,WEAK_OR_JS_DEPENDENT,False,0,none,no-meaning-or-definition
raunchy,https://ovidhan.net/word/raunchy.html,0,1,0.0,10.0,BANGLADESH-FILTERED GSC,THIN-LEGACY,D,0,False,LEGACY,True,WEAK_OR_JS_DEPENDENT,False,0,none,no-meaning-or-definition
ravi,https://ovidhan.net/word/ravi.html,0,1,0.0,60.0,BANGLADESH-FILTERED GSC,THIN-LEGACY,D,0,False,LEGACY,True,WEAK_OR_JS_DEPENDENT,False,0,none,no-meaning-or-definition
ravioli,https://ovidhan.net/word/ravioli.html,0,1,0.0,12.0,BANGLADESH-FILTERED GSC,THIN-LEGACY,D,0,False,LEGACY,True,WEAK_OR_JS_DEPENDENT,False,0,none,no-meaning-or-definition
reaffirmed,https://ovidhan.net/word/reaffirmed.html,0,1,0.0,32.0,BANGLADESH-FILTERED GSC,THIN-LEGACY,D,0,False,LEGACY,True,WEAK_OR_JS_DEPENDENT,False,0,none,no-meaning-or-definition
reassure,https://ovidhan.net/word/reassure.html,0,1,0.0,54.0,BANGLADESH-FILTERED GSC,REVIEW,B,3,False,LEGACY,True,WEAK_OR_JS_DEPENDENT,False,1,bangla,pos-missing;editorial-status-draft
rebuild,https://ovidhan.net/word/rebuild.html,0,1,0.0,33.0,BANGLADESH-FILTERED GSC,THIN-LEGACY,D,0,False,LEGACY,True,WEAK_OR_JS_DEPENDENT,False,0,none,no-meaning-or-definition
recital,https://ovidhan.net/word/recital.html,0,1,0.0,72.0,BANGLADESH-FILTERED GSC,REVIEW,B,3,False,LEGACY,True,WEAK_OR_JS_DEPENDENT,False,1,bangla,pos-missing;editorial-status-draft
reckon,https://ovidhan.net/word/reckon.html,0,1,0.0,76.0,BANGLADESH-FILTERED GSC,REVIEW,B,3,False,LEGACY,True,WEAK_OR_JS_DEPENDENT,False,1,bangla,pos-missing;editorial-status-draft
redacted,https://ovidhan.net/word/redacted.html,0,1,0.0,10.0,BANGLADESH-FILTERED GSC,THIN-LEGACY,D,0,False,LEGACY,True,WEAK_OR_JS_DEPENDENT,False,0,none,no-meaning-or-definition
referring,https://ovidhan.net/word/referring.html,0,1,0.0,18.0,BANGLADESH-FILTERED GSC,THIN-LEGACY,D,0,False,LEGACY,True,WEAK_OR_JS_DEPENDENT,False,0,none,no-meaning-or-definition
remarry,https://ovidhan.net/word/remarry.html,0,1,0.0,71.0,BANGLADESH-FILTERED GSC,THIN-LEGACY,D,0,False,LEGACY,True,WEAK_OR_JS_DEPENDENT,False,0,none,no-meaning-or-definition
renewal,https://ovidhan.net/word/renewal.html,0,1,0.0,86.0,BANGLADESH-FILTERED GSC,THIN-LEGACY,D,0,False,LEGACY,True,WEAK_OR_JS_DEPENDENT,False,0,none,no-meaning-or-definition
repetitive,https://ovidhan.net/word/repetitive.html,0,1,0.0,44.0,BANGLADESH-FILTERED GSC,THIN-LEGACY,D,0,False,LEGACY,True,WEAK_OR_JS_DEPENDENT,False,0,none,no-meaning-or-definition
reproductive,https://ovidhan.net/word/reproductive.html,0,1,0.0,13.0,BANGLADESH-FILTERED GSC,THIN-LEGACY,D,0,False,LEGACY,True,WEAK_OR_JS_DEPENDENT,False,0,none,no-meaning-or-definition
rescheduled,https://ovidhan.net/word/rescheduled.html,0,1,0.0,49.0,BANGLADESH-FILTERED GSC,THIN-LEGACY,D,0,False,LEGACY,True,WEAK_OR_JS_DEPENDENT,False,0,none,no-meaning-or-definition
resin,https://ovidhan.net/word/resin.html,0,1,0.0,33.0,BANGLADESH-FILTERED GSC,THIN-LEGACY,D,0,False,LEGACY,True,WEAK_OR_JS_DEPENDENT,False,0,none,no-meaning-or-definition
resonate,https://ovidhan.net/word/resonate.html,0,1,0.0,20.0,BANGLADESH-FILTERED GSC,THIN-LEGACY,D,0,False,LEGACY,True,WEAK_OR_JS_DEPENDENT,False,0,none,no-meaning-or-definition
rod,https://ovidhan.net/word/rod.html,0,1,0.0,16.0,BANGLADESH-FILTERED GSC,REVIEW,B,3,False,LEGACY,True,WEAK_OR_JS_DEPENDENT,False,1,bangla,pos-missing;editorial-status-draft
rounding,https://ovidhan.net/word/rounding.html,0,1,0.0,47.0,BANGLADESH-FILTERED GSC,THIN-LEGACY,D,0,False,LEGACY,True,WEAK_OR_JS_DEPENDENT,False,0,none,no-meaning-or-definition
rucksack,https://ovidhan.net/word/rucksack.html,0,1,0.0,62.0,BANGLADESH-FILTERED GSC,THIN-LEGACY,D,0,False,LEGACY,True,WEAK_OR_JS_DEPENDENT,False,0,none,no-meaning-or-definition
ruckus,https://ovidhan.net/word/ruckus.html,0,1,0.0,12.0,BANGLADESH-FILTERED GSC,THIN-LEGACY,D,0,False,LEGACY,True,WEAK_OR_JS_DEPENDENT,False,0,none,no-meaning-or-definition
rudimentary,https://ovidhan.net/word/rudimentary.html,0,1,0.0,32.0,BANGLADESH-FILTERED GSC,REVIEW,B,3,False,LEGACY,True,WEAK_OR_JS_DEPENDENT,False,1,bangla,pos-missing;editorial-status-draft
ruse,https://ovidhan.net/word/ruse.html,0,1,0.0,38.0,BANGLADESH-FILTERED GSC,THIN-LEGACY,D,0,False,LEGACY,True,WEAK_OR_JS_DEPENDENT,False,0,none,no-meaning-or-definition
sad,https://ovidhan.net/word/sad.html,0,1,0.0,45.0,BANGLADESH-FILTERED GSC,REVIEW,B,3,False,LEGACY,True,WEAK_OR_JS_DEPENDENT,False,1,bangla,pos-missing;editorial-status-draft
sandeep,https://ovidhan.net/word/sandeep.html,0,1,0.0,59.0,BANGLADESH-FILTERED GSC,THIN-LEGACY,D,0,False,LEGACY,True,WEAK_OR_JS_DEPENDENT,False,0,none,no-meaning-or-definition
saturday,https://ovidhan.net/word/saturday.html,0,1,0.0,83.0,BANGLADESH-FILTERED GSC,REVIEW,A,7,False,LEGACY,True,WEAK_OR_JS_DEPENDENT,False,4,bangla;definition;part_of_speech;example,all-source-examples-rejected
scanlon,https://ovidhan.net/word/scanlon.html,0,1,0.0,29.0,BANGLADESH-FILTERED GSC,THIN-LEGACY,D,0,False,LEGACY,True,WEAK_OR_JS_DEPENDENT,False,0,none,no-meaning-or-definition
scion,https://ovidhan.net/word/scion.html,0,1,0.0,16.0,BANGLADESH-FILTERED GSC,THIN-LEGACY,D,0,False,LEGACY,True,WEAK_OR_JS_DEPENDENT,False,0,none,no-meaning-or-definition
scrupulous,https://ovidhan.net/word/scrupulous.html,0,1,0.0,65.0,BANGLADESH-FILTERED GSC,THIN-LEGACY,D,0,False,LEGACY,True,WEAK_OR_JS_DEPENDENT,False,0,none,no-meaning-or-definition
seasoning,https://ovidhan.net/word/seasoning.html,0,1,0.0,70.0,BANGLADESH-FILTERED GSC,THIN-LEGACY,D,0,False,LEGACY,True,WEAK_OR_JS_DEPENDENT,False,0,none,no-meaning-or-definition
seconded,https://ovidhan.net/word/seconded.html,0,1,0.0,53.0,BANGLADESH-FILTERED GSC,THIN-LEGACY,D,0,False,LEGACY,True,WEAK_OR_JS_DEPENDENT,False,0,none,no-meaning-or-definition
seducing,https://ovidhan.net/word/seducing.html,0,1,0.0,57.0,BANGLADESH-FILTERED GSC,THIN-LEGACY,D,0,False,LEGACY,True,WEAK_OR_JS_DEPENDENT,False,0,none,no-meaning-or-definition
serenade,https://ovidhan.net/word/serenade.html,0,1,0.0,13.0,BANGLADESH-FILTERED GSC,THIN-LEGACY,D,0,False,LEGACY,True,WEAK_OR_JS_DEPENDENT,False,0,none,no-meaning-or-definition
sexism,https://ovidhan.net/word/sexism.html,0,1,0.0,77.0,BANGLADESH-FILTERED GSC,THIN-LEGACY,D,0,False,LEGACY,True,WEAK_OR_JS_DEPENDENT,False,0,none,no-meaning-or-definition
shadowy,https://ovidhan.net/word/shadowy.html,0,1,0.0,29.0,BANGLADESH-FILTERED GSC,THIN-LEGACY,D,0,False,LEGACY,True,WEAK_OR_JS_DEPENDENT,False,0,none,no-meaning-or-definition
shattered,https://ovidhan.net/word/shattered.html,0,1,0.0,17.0,BANGLADESH-FILTERED GSC,THIN-LEGACY,D,0,False,LEGACY,True,WEAK_OR_JS_DEPENDENT,False,0,none,no-meaning-or-definition
sher,https://ovidhan.net/word/sher.html,0,1,0.0,28.0,BANGLADESH-FILTERED GSC,THIN-LEGACY,D,0,False,LEGACY,True,WEAK_OR_JS_DEPENDENT,False,0,none,no-meaning-or-definition
shout,https://ovidhan.net/word/shout.html,0,1,0.0,49.0,BANGLADESH-FILTERED GSC,REVIEW,B,3,False,LEGACY,True,WEAK_OR_JS_DEPENDENT,False,1,bangla,pos-missing;editorial-status-draft
shrieking,https://ovidhan.net/word/shrieking.html,0,1,0.0,58.0,BANGLADESH-FILTERED GSC,THIN-LEGACY,D,0,False,LEGACY,True,WEAK_OR_JS_DEPENDENT,False,0,none,no-meaning-or-definition
shuddering,https://ovidhan.net/word/shuddering.html,0,1,0.0,100.0,BANGLADESH-FILTERED GSC,THIN-LEGACY,D,0,False,LEGACY,True,WEAK_OR_JS_DEPENDENT,False,0,none,no-meaning-or-definition
shy,https://ovidhan.net/word/shy.html,0,1,0.0,87.0,BANGLADESH-FILTERED GSC,REVIEW,B,3,False,LEGACY,True,WEAK_OR_JS_DEPENDENT,False,1,bangla,pos-missing;editorial-status-draft
silicon,https://ovidhan.net/word/silicon.html,0,1,0.0,47.0,BANGLADESH-FILTERED GSC,THIN-LEGACY,D,0,False,LEGACY,True,WEAK_OR_JS_DEPENDENT,False,0,none,no-meaning-or-definition
sinking,https://ovidhan.net/word/sinking.html,0,1,0.0,34.0,BANGLADESH-FILTERED GSC,THIN-LEGACY,D,0,False,LEGACY,True,WEAK_OR_JS_DEPENDENT,False,0,none,no-meaning-or-definition
sinuous,https://ovidhan.net/word/sinuous.html,0,1,0.0,9.0,BANGLADESH-FILTERED GSC,REVIEW,B,3,False,LEGACY,True,WEAK_OR_JS_DEPENDENT,False,1,bangla,pos-missing;editorial-status-draft
sire,https://ovidhan.net/word/sire.html,0,1,0.0,78.0,BANGLADESH-FILTERED GSC,THIN-LEGACY,D,0,False,LEGACY,True,WEAK_OR_JS_DEPENDENT,False,0,none,no-meaning-or-definition
slacking,https://ovidhan.net/word/slacking.html,0,1,0.0,82.0,BANGLADESH-FILTERED GSC,THIN-LEGACY,D,0,False,LEGACY,True,WEAK_OR_JS_DEPENDENT,False,0,none,no-meaning-or-definition
slant,https://ovidhan.net/word/slant.html,0,1,0.0,39.0,BANGLADESH-FILTERED GSC,REVIEW,B,3,False,LEGACY,True,WEAK_OR_JS_DEPENDENT,False,1,bangla,pos-missing;editorial-status-draft
sled,https://ovidhan.net/word/sled.html,0,1,0.0,47.0,BANGLADESH-FILTERED GSC,THIN-LEGACY,D,0,False,LEGACY,True,WEAK_OR_JS_DEPENDENT,False,0,none,no-meaning-or-definition
slobber,https://ovidhan.net/word/slobber.html,0,1,0.0,23.0,BANGLADESH-FILTERED GSC,REVIEW,B,3,False,LEGACY,True,WEAK_OR_JS_DEPENDENT,False,1,bangla,pos-missing;editorial-status-draft
slowing,https://ovidhan.net/word/slowing.html,0,1,0.0,56.0,BANGLADESH-FILTERED GSC,THIN-LEGACY,D,0,False,LEGACY,True,WEAK_OR_JS_DEPENDENT,False,0,none,no-meaning-or-definition
smells,https://ovidhan.net/word/smells.html,0,1,0.0,64.0,BANGLADESH-FILTERED GSC,THIN-LEGACY,D,0,False,LEGACY,True,WEAK_OR_JS_DEPENDENT,False,0,none,no-meaning-or-definition
smitten,https://ovidhan.net/word/smitten.html,0,1,0.0,63.0,BANGLADESH-FILTERED GSC,THIN-LEGACY,D,0,False,LEGACY,True,WEAK_OR_JS_DEPENDENT,False,0,none,no-meaning-or-definition
snoopy,https://ovidhan.net/word/snoopy.html,0,1,0.0,28.0,BANGLADESH-FILTERED GSC,THIN-LEGACY,D,0,False,LEGACY,True,WEAK_OR_JS_DEPENDENT,False,0,none,no-meaning-or-definition
snug,https://ovidhan.net/word/snug.html,0,1,0.0,54.0,BANGLADESH-FILTERED GSC,THIN-LEGACY,C,1,False,LEGACY,True,WEAK_OR_JS_DEPENDENT,False,1,bangla,bangla-exactly-duplicates-english;pos-missing;editorial-status-draft
societys,https://ovidhan.net/word/societys.html,0,1,0.0,38.0,BANGLADESH-FILTERED GSC,INVALID/NOISE,D,0,False,LEGACY,True,WEAK_OR_JS_DEPENDENT,False,0,source-record-missing,source-record-missing
socioeconomic,https://ovidhan.net/word/socioeconomic.html,0,1,0.0,65.0,BANGLADESH-FILTERED GSC,THIN-LEGACY,D,0,False,LEGACY,True,WEAK_OR_JS_DEPENDENT,False,0,none,no-meaning-or-definition
soho,https://ovidhan.net/word/soho.html,0,1,0.0,9.0,BANGLADESH-FILTERED GSC,THIN-LEGACY,D,0,False,LEGACY,True,WEAK_OR_JS_DEPENDENT,False,0,none,no-meaning-or-definition
solitude,https://ovidhan.net/word/solitude.html,0,1,0.0,56.0,BANGLADESH-FILTERED GSC,THIN-LEGACY,D,0,False,LEGACY,True,WEAK_OR_JS_DEPENDENT,False,0,none,no-meaning-or-definition
soothes,https://ovidhan.net/word/soothes.html,0,1,0.0,61.0,BANGLADESH-FILTERED GSC,THIN-LEGACY,D,0,False,LEGACY,True,WEAK_OR_JS_DEPENDENT,False,0,none,no-meaning-or-definition
sorcerer,https://ovidhan.net/word/sorcerer.html,0,1,0.0,32.0,BANGLADESH-FILTERED GSC,THIN-LEGACY,D,0,False,LEGACY,True,WEAK_OR_JS_DEPENDENT,False,0,none,no-meaning-or-definition
spaceship,https://ovidhan.net/word/spaceship.html,0,1,0.0,52.0,BANGLADESH-FILTERED GSC,THIN-LEGACY,D,0,False,LEGACY,True,WEAK_OR_JS_DEPENDENT,False,0,none,no-meaning-or-definition
spectacular,https://ovidhan.net/word/spectacular.html,0,1,0.0,30.0,BANGLADESH-FILTERED GSC,REVIEW,B,3,False,LEGACY,True,WEAK_OR_JS_DEPENDENT,False,1,bangla,pos-missing;editorial-status-draft
spencers,https://ovidhan.net/word/spencers.html,0,1,0.0,28.0,BANGLADESH-FILTERED GSC,INVALID/NOISE,D,0,False,LEGACY,True,WEAK_OR_JS_DEPENDENT,False,0,source-record-missing,source-record-missing
spine,https://ovidhan.net/word/spine.html,0,1,0.0,32.0,BANGLADESH-FILTERED GSC,REVIEW,B,3,False,LEGACY,True,WEAK_OR_JS_DEPENDENT,False,1,bangla,pos-missing;editorial-status-draft
spins,https://ovidhan.net/word/spins.html,0,1,0.0,49.0,BANGLADESH-FILTERED GSC,THIN-LEGACY,D,0,False,LEGACY,True,WEAK_OR_JS_DEPENDENT,False,0,none,no-meaning-or-definition
spraying,https://ovidhan.net/word/spraying.html,0,1,0.0,69.0,BANGLADESH-FILTERED GSC,THIN-LEGACY,D,0,False,LEGACY,True,WEAK_OR_JS_DEPENDENT,False,0,none,no-meaning-or-definition
springboard,https://ovidhan.net/word/springboard.html,0,1,0.0,12.0,BANGLADESH-FILTERED GSC,THIN-LEGACY,D,0,False,LEGACY,True,WEAK_OR_JS_DEPENDENT,False,0,none,no-meaning-or-definition
spying,https://ovidhan.net/word/spying.html,0,1,0.0,43.0,BANGLADESH-FILTERED GSC,THIN-LEGACY,D,0,False,LEGACY,True,WEAK_OR_JS_DEPENDENT,False,0,none,no-meaning-or-definition
squash,https://ovidhan.net/word/squash.html,0,1,0.0,69.0,BANGLADESH-FILTERED GSC,REVIEW,B,3,False,LEGACY,True,WEAK_OR_JS_DEPENDENT,False,1,bangla,pos-missing;editorial-status-draft
squeaking,https://ovidhan.net/word/squeaking.html,0,1,0.0,42.0,BANGLADESH-FILTERED GSC,THIN-LEGACY,D,0,False,LEGACY,True,WEAK_OR_JS_DEPENDENT,False,0,none,no-meaning-or-definition
squinting,https://ovidhan.net/word/squinting.html,0,1,0.0,29.0,BANGLADESH-FILTERED GSC,THIN-LEGACY,D,0,False,LEGACY,True,WEAK_OR_JS_DEPENDENT,False,0,none,no-meaning-or-definition
ssb,https://ovidhan.net/word/ssb.html,0,1,0.0,64.0,BANGLADESH-FILTERED GSC,THIN-LEGACY,D,0,False,LEGACY,True,WEAK_OR_JS_DEPENDENT,False,0,none,no-meaning-or-definition
stab,https://ovidhan.net/word/stab.html,0,1,0.0,46.0,BANGLADESH-FILTERED GSC,REVIEW,B,3,False,LEGACY,True,WEAK_OR_JS_DEPENDENT,False,1,bangla,pos-missing;editorial-status-draft
starlight,https://ovidhan.net/word/starlight.html,0,1,0.0,34.0,BANGLADESH-FILTERED GSC,THIN-LEGACY,D,0,False,LEGACY,True,WEAK_OR_JS_DEPENDENT,False,0,none,no-meaning-or-definition
startups,https://ovidhan.net/word/startups.html,0,1,0.0,61.0,BANGLADESH-FILTERED GSC,THIN-LEGACY,D,0,False,LEGACY,True,WEAK_OR_JS_DEPENDENT,False,0,none,no-meaning-or-definition
storeroom,https://ovidhan.net/word/storeroom.html,0,1,0.0,81.0,BANGLADESH-FILTERED GSC,THIN-LEGACY,D,0,False,LEGACY,True,WEAK_OR_JS_DEPENDENT,False,0,none,no-meaning-or-definition
straightaway,https://ovidhan.net/word/straightaway.html,0,1,0.0,41.0,BANGLADESH-FILTERED GSC,THIN-LEGACY,D,0,False,LEGACY,True,WEAK_OR_JS_DEPENDENT,False,0,none,no-meaning-or-definition
stresses,https://ovidhan.net/word/stresses.html,0,1,0.0,39.0,BANGLADESH-FILTERED GSC,THIN-LEGACY,D,0,False,LEGACY,True,WEAK_OR_JS_DEPENDENT,False,0,none,no-meaning-or-definition
striking,https://ovidhan.net/word/striking.html,0,1,0.0,63.0,BANGLADESH-FILTERED GSC,THIN-LEGACY,D,0,False,LEGACY,True,WEAK_OR_JS_DEPENDENT,False,0,none,no-meaning-or-definition
stroke,https://ovidhan.net/word/stroke.html,0,1,0.0,54.0,BANGLADESH-FILTERED GSC,REVIEW,B,3,False,LEGACY,True,WEAK_OR_JS_DEPENDENT,False,1,bangla,pos-missing;editorial-status-draft
strom,https://ovidhan.net/word/strom.html,0,1,0.0,66.0,BANGLADESH-FILTERED GSC,THIN-LEGACY,D,0,False,LEGACY,True,WEAK_OR_JS_DEPENDENT,False,0,none,no-meaning-or-definition
stubs,https://ovidhan.net/word/stubs.html,0,1,0.0,90.0,BANGLADESH-FILTERED GSC,THIN-LEGACY,D,0,False,LEGACY,True,WEAK_OR_JS_DEPENDENT,False,0,none,no-meaning-or-definition
stumbles,https://ovidhan.net/word/stumbles.html,0,1,0.0,58.0,BANGLADESH-FILTERED GSC,THIN-LEGACY,D,0,False,LEGACY,True,WEAK_OR_JS_DEPENDENT,False,0,none,no-meaning-or-definition
sturdy,https://ovidhan.net/word/sturdy.html,0,1,0.0,31.0,BANGLADESH-FILTERED GSC,REVIEW,B,3,False,LEGACY,True,WEAK_OR_JS_DEPENDENT,False,1,bangla,pos-missing;editorial-status-draft
subside,https://ovidhan.net/word/subside.html,0,1,0.0,42.0,BANGLADESH-FILTERED GSC,REVIEW,B,3,False,LEGACY,True,WEAK_OR_JS_DEPENDENT,False,1,bangla,pos-missing;editorial-status-draft
subsidies,https://ovidhan.net/word/subsidies.html,0,1,0.0,99.0,BANGLADESH-FILTERED GSC,THIN-LEGACY,D,0,False,LEGACY,True,WEAK_OR_JS_DEPENDENT,False,0,none,no-meaning-or-definition
substation,https://ovidhan.net/word/substation.html,0,1,0.0,95.0,BANGLADESH-FILTERED GSC,THIN-LEGACY,D,0,False,LEGACY,True,WEAK_OR_JS_DEPENDENT,False,0,none,no-meaning-or-definition
subtly,https://ovidhan.net/word/subtly.html,0,1,0.0,62.0,BANGLADESH-FILTERED GSC,THIN-LEGACY,D,0,False,LEGACY,True,WEAK_OR_JS_DEPENDENT,False,0,none,no-meaning-or-definition
succession,https://ovidhan.net/word/succession.html,0,1,0.0,19.0,BANGLADESH-FILTERED GSC,THIN-LEGACY,D,0,False,LEGACY,True,WEAK_OR_JS_DEPENDENT,False,0,none,no-meaning-or-definition
sultan,https://ovidhan.net/word/sultan.html,0,1,0.0,64.0,BANGLADESH-FILTERED GSC,THIN-LEGACY,D,0,False,LEGACY,True,WEAK_OR_JS_DEPENDENT,False,0,none,no-meaning-or-definition
sumptuous,https://ovidhan.net/word/sumptuous.html,0,1,0.0,53.0,BANGLADESH-FILTERED GSC,THIN-LEGACY,D,0,False,LEGACY,True,WEAK_OR_JS_DEPENDENT,False,0,none,no-meaning-or-definition
superimposed,https://ovidhan.net/word/superimposed.html,0,1,0.0,33.0,BANGLADESH-FILTERED GSC,THIN-LEGACY,D,0,False,LEGACY,True,WEAK_OR_JS_DEPENDENT,False,0,none,no-meaning-or-definition
superintendent,https://ovidhan.net/word/superintendent.html,0,1,0.0,41.0,BANGLADESH-FILTERED GSC,THIN-LEGACY,D,0,False,LEGACY,True,WEAK_OR_JS_DEPENDENT,False,0,none,no-meaning-or-definition
supervisors,https://ovidhan.net/word/supervisors.html,0,1,0.0,58.0,BANGLADESH-FILTERED GSC,THIN-LEGACY,D,0,False,LEGACY,True,WEAK_OR_JS_DEPENDENT,False,0,none,no-meaning-or-definition
suppose,https://ovidhan.net/word/suppose.html,0,1,0.0,36.0,BANGLADESH-FILTERED GSC,REVIEW,B,3,False,LEGACY,True,WEAK_OR_JS_DEPENDENT,False,1,bangla,pos-missing;editorial-status-draft
swapped,https://ovidhan.net/word/swapped.html,0,1,0.0,53.0,BANGLADESH-FILTERED GSC,THIN-LEGACY,D,0,False,LEGACY,True,WEAK_OR_JS_DEPENDENT,False,0,none,no-meaning-or-definition
swimmers,https://ovidhan.net/word/swimmers.html,0,1,0.0,51.0,BANGLADESH-FILTERED GSC,THIN-LEGACY,D,0,False,LEGACY,True,WEAK_OR_JS_DEPENDENT,False,0,none,no-meaning-or-definition
swing,https://ovidhan.net/word/swing.html,0,1,0.0,45.0,BANGLADESH-FILTERED GSC,REVIEW,B,3,False,LEGACY,True,WEAK_OR_JS_DEPENDENT,False,1,bangla,pos-missing;editorial-status-draft
switches,https://ovidhan.net/word/switches.html,0,1,0.0,60.0,BANGLADESH-FILTERED GSC,THIN-LEGACY,D,0,False,LEGACY,True,WEAK_OR_JS_DEPENDENT,False,0,none,no-meaning-or-definition
sympathy,https://ovidhan.net/word/sympathy.html,0,1,0.0,38.0,BANGLADESH-FILTERED GSC,REVIEW,B,3,False,LEGACY,True,WEAK_OR_JS_DEPENDENT,False,1,bangla,pos-missing;editorial-status-draft
symphonic,https://ovidhan.net/word/symphonic.html,0,1,0.0,81.0,BANGLADESH-FILTERED GSC,THIN-LEGACY,D,0,False,LEGACY,True,WEAK_OR_JS_DEPENDENT,False,0,none,no-meaning-or-definition
sz,https://ovidhan.net/word/sz.html,0,1,0.0,50.0,BANGLADESH-FILTERED GSC,THIN-LEGACY,D,0,False,LEGACY,True,WEAK_OR_JS_DEPENDENT,False,0,none,no-meaning-or-definition
taboo,https://ovidhan.net/word/taboo.html,0,1,0.0,56.0,BANGLADESH-FILTERED GSC,THIN-LEGACY,D,0,False,LEGACY,True,WEAK_OR_JS_DEPENDENT,False,0,none,no-meaning-or-definition
tad,https://ovidhan.net/word/tad.html,0,1,0.0,22.0,BANGLADESH-FILTERED GSC,THIN-LEGACY,D,0,False,LEGACY,True,WEAK_OR_JS_DEPENDENT,False,0,none,no-meaning-or-definition
tae,https://ovidhan.net/word/tae.html,0,1,0.0,9.0,BANGLADESH-FILTERED GSC,THIN-LEGACY,D,0,False,LEGACY,True,WEAK_OR_JS_DEPENDENT,False,0,none,no-meaning-or-definition
tafe,https://ovidhan.net/word/tafe.html,0,1,0.0,7.0,BANGLADESH-FILTERED GSC,THIN-LEGACY,D,0,False,LEGACY,True,WEAK_OR_JS_DEPENDENT,False,0,none,no-meaning-or-definition
takeover,https://ovidhan.net/word/takeover.html,0,1,0.0,50.0,BANGLADESH-FILTERED GSC,THIN-LEGACY,D,0,False,LEGACY,True,WEAK_OR_JS_DEPENDENT,False,0,none,no-meaning-or-definition
tanning,https://ovidhan.net/word/tanning.html,0,1,0.0,30.0,BANGLADESH-FILTERED GSC,THIN-LEGACY,D,0,False,LEGACY,True,WEAK_OR_JS_DEPENDENT,False,0,none,no-meaning-or-definition
tds,https://ovidhan.net/word/tds.html,0,1,0.0,38.0,BANGLADESH-FILTERED GSC,THIN-LEGACY,D,0,False,LEGACY,True,WEAK_OR_JS_DEPENDENT,False,0,none,no-meaning-or-definition
tear,https://ovidhan.net/word/tear.html,0,1,0.0,46.0,BANGLADESH-FILTERED GSC,REVIEW,B,3,False,LEGACY,True,WEAK_OR_JS_DEPENDENT,False,1,bangla,pos-missing;editorial-status-draft
telephoned,https://ovidhan.net/word/telephoned.html,0,1,0.0,68.0,BANGLADESH-FILTERED GSC,THIN-LEGACY,D,0,False,LEGACY,True,WEAK_OR_JS_DEPENDENT,False,0,none,no-meaning-or-definition
teleportation,https://ovidhan.net/word/teleportation.html,0,1,0.0,54.0,BANGLADESH-FILTERED GSC,THIN-LEGACY,D,0,False,LEGACY,True,WEAK_OR_JS_DEPENDENT,False,0,none,no-meaning-or-definition
telescope,https://ovidhan.net/word/telescope.html,0,1,0.0,58.0,BANGLADESH-FILTERED GSC,REVIEW,B,3,False,LEGACY,True,WEAK_OR_JS_DEPENDENT,False,1,bangla,pos-missing;editorial-status-draft
terence,https://ovidhan.net/word/terence.html,0,1,0.0,7.0,BANGLADESH-FILTERED GSC,THIN-LEGACY,D,0,False,LEGACY,True,WEAK_OR_JS_DEPENDENT,False,0,none,no-meaning-or-definition
terrier,https://ovidhan.net/word/terrier.html,0,1,0.0,27.0,BANGLADESH-FILTERED GSC,THIN-LEGACY,D,0,False,LEGACY,True,WEAK_OR_JS_DEPENDENT,False,0,none,no-meaning-or-definition
terrific,https://ovidhan.net/word/terrific.html,0,1,0.0,26.0,BANGLADESH-FILTERED GSC,REVIEW,B,3,False,LEGACY,True,WEAK_OR_JS_DEPENDENT,False,1,bangla,pos-missing;editorial-status-draft
tester,https://ovidhan.net/word/tester.html,0,1,0.0,12.0,BANGLADESH-FILTERED GSC,THIN-LEGACY,D,0,False,LEGACY,True,WEAK_OR_JS_DEPENDENT,False,0,none,no-meaning-or-definition
thang,https://ovidhan.net/word/thang.html,0,1,0.0,32.0,BANGLADESH-FILTERED GSC,THIN-LEGACY,D,0,False,LEGACY,True,WEAK_OR_JS_DEPENDENT,False,0,none,no-meaning-or-definition
thatd,https://ovidhan.net/word/thatd.html,0,1,0.0,49.0,BANGLADESH-FILTERED GSC,INVALID/NOISE,D,0,False,LEGACY,True,WEAK_OR_JS_DEPENDENT,False,0,source-record-missing,source-record-missing
thermostat,https://ovidhan.net/word/thermostat.html,0,1,0.0,40.0,BANGLADESH-FILTERED GSC,THIN-LEGACY,D,0,False,LEGACY,True,WEAK_OR_JS_DEPENDENT,False,0,none,no-meaning-or-definition
tho,https://ovidhan.net/word/tho.html,0,1,0.0,29.0,BANGLADESH-FILTERED GSC,THIN-LEGACY,D,0,False,LEGACY,True,WEAK_OR_JS_DEPENDENT,False,0,none,no-meaning-or-definition
thorax,https://ovidhan.net/word/thorax.html,0,1,0.0,63.0,BANGLADESH-FILTERED GSC,THIN-LEGACY,D,0,False,LEGACY,True,WEAK_OR_JS_DEPENDENT,False,0,none,no-meaning-or-definition
thriller,https://ovidhan.net/word/thriller.html,0,1,0.0,44.0,BANGLADESH-FILTERED GSC,THIN-LEGACY,D,0,False,LEGACY,True,WEAK_OR_JS_DEPENDENT,False,0,none,no-meaning-or-definition
throwing,https://ovidhan.net/word/throwing.html,0,1,0.0,48.0,BANGLADESH-FILTERED GSC,THIN-LEGACY,D,0,False,LEGACY,True,WEAK_OR_JS_DEPENDENT,False,0,none,no-meaning-or-definition
thyme,https://ovidhan.net/word/thyme.html,0,1,0.0,19.0,BANGLADESH-FILTERED GSC,THIN-LEGACY,D,0,False,LEGACY,True,WEAK_OR_JS_DEPENDENT,False,0,none,no-meaning-or-definition
til,https://ovidhan.net/word/til.html,0,1,0.0,67.0,BANGLADESH-FILTERED GSC,THIN-LEGACY,D,0,False,LEGACY,True,WEAK_OR_JS_DEPENDENT,False,0,none,no-meaning-or-definition
tire,https://ovidhan.net/word/tire.html,0,1,0.0,19.0,BANGLADESH-FILTERED GSC,REVIEW,B,3,False,LEGACY,True,WEAK_OR_JS_DEPENDENT,False,1,bangla,pos-missing;editorial-status-draft
tiring,https://ovidhan.net/word/tiring.html,0,1,0.0,12.0,BANGLADESH-FILTERED GSC,THIN-LEGACY,D,0,False,LEGACY,True,WEAK_OR_JS_DEPENDENT,False,0,none,no-meaning-or-definition
tolerances,https://ovidhan.net/word/tolerances.html,0,1,0.0,46.0,BANGLADESH-FILTERED GSC,THIN-LEGACY,D,0,False,LEGACY,True,WEAK_OR_JS_DEPENDENT,False,0,none,no-meaning-or-definition
tons,https://ovidhan.net/word/tons.html,0,1,0.0,86.0,BANGLADESH-FILTERED GSC,THIN-LEGACY,D,0,False,LEGACY,True,WEAK_OR_JS_DEPENDENT,False,0,none,no-meaning-or-definition
topographic,https://ovidhan.net/word/topographic.html,0,1,0.0,46.0,BANGLADESH-FILTERED GSC,THIN-LEGACY,D,0,False,LEGACY,True,WEAK_OR_JS_DEPENDENT,False,0,none,no-meaning-or-definition
torch,https://ovidhan.net/word/torch.html,0,1,0.0,34.0,BANGLADESH-FILTERED GSC,REVIEW,B,3,False,LEGACY,True,WEAK_OR_JS_DEPENDENT,False,1,bangla,pos-missing;editorial-status-draft
torres,https://ovidhan.net/word/torres.html,0,1,0.0,9.0,BANGLADESH-FILTERED GSC,THIN-LEGACY,D,0,False,LEGACY,True,WEAK_OR_JS_DEPENDENT,False,0,none,no-meaning-or-definition
torsion,https://ovidhan.net/word/torsion.html,0,1,0.0,42.0,BANGLADESH-FILTERED GSC,THIN-LEGACY,D,0,False,LEGACY,True,WEAK_OR_JS_DEPENDENT,False,0,none,no-meaning-or-definition
tort,https://ovidhan.net/word/tort.html,0,1,0.0,40.0,BANGLADESH-FILTERED GSC,THIN-LEGACY,D,0,False,LEGACY,True,WEAK_OR_JS_DEPENDENT,False,0,none,no-meaning-or-definition
tortillas,https://ovidhan.net/word/tortillas.html,0,1,0.0,47.0,BANGLADESH-FILTERED GSC,THIN-LEGACY,D,0,False,LEGACY,True,WEAK_OR_JS_DEPENDENT,False,0,none,no-meaning-or-definition
torturous,https://ovidhan.net/word/torturous.html,0,1,0.0,30.0,BANGLADESH-FILTERED GSC,THIN-LEGACY,D,0,False,LEGACY,True,WEAK_OR_JS_DEPENDENT,False,0,none,no-meaning-or-definition
tradeoff,https://ovidhan.net/word/tradeoff.html,1,1,1.0,14.0,BANGLADESH-FILTERED GSC,THIN-LEGACY,D,0,False,LEGACY,True,WEAK_OR_JS_DEPENDENT,False,0,none,no-meaning-or-definition
trainers,https://ovidhan.net/word/trainers.html,0,1,0.0,40.0,BANGLADESH-FILTERED GSC,THIN-LEGACY,D,0,False,LEGACY,True,WEAK_OR_JS_DEPENDENT,False,0,none,no-meaning-or-definition
translating,https://ovidhan.net/word/translating.html,0,1,0.0,60.0,BANGLADESH-FILTERED GSC,THIN-LEGACY,D,0,False,LEGACY,True,WEAK_OR_JS_DEPENDENT,False,0,none,no-meaning-or-definition
travelling,https://ovidhan.net/word/travelling.html,0,1,0.0,52.0,BANGLADESH-FILTERED GSC,THIN-LEGACY,D,0,False,LEGACY,True,WEAK_OR_JS_DEPENDENT,False,0,none,no-meaning-or-definition
treadmill,https://ovidhan.net/word/treadmill.html,0,1,0.0,36.0,BANGLADESH-FILTERED GSC,THIN-LEGACY,D,0,False,LEGACY,True,WEAK_OR_JS_DEPENDENT,False,0,none,no-meaning-or-definition
treatise,https://ovidhan.net/word/treatise.html,0,1,0.0,28.0,BANGLADESH-FILTERED GSC,THIN-LEGACY,D,0,False,LEGACY,True,WEAK_OR_JS_DEPENDENT,False,0,none,no-meaning-or-definition
trimmings,https://ovidhan.net/word/trimmings.html,0,1,0.0,80.0,BANGLADESH-FILTERED GSC,THIN-LEGACY,D,0,False,LEGACY,True,WEAK_OR_JS_DEPENDENT,False,0,none,no-meaning-or-definition
ttc,https://ovidhan.net/word/ttc.html,0,1,0.0,44.0,BANGLADESH-FILTERED GSC,THIN-LEGACY,D,0,False,LEGACY,True,WEAK_OR_JS_DEPENDENT,False,0,none,no-meaning-or-definition
tunnel,https://ovidhan.net/word/tunnel.html,0,1,0.0,39.0,BANGLADESH-FILTERED GSC,REVIEW,B,3,False,LEGACY,True,WEAK_OR_JS_DEPENDENT,False,1,bangla,pos-missing;editorial-status-draft
tweezers,https://ovidhan.net/word/tweezers.html,0,1,0.0,31.0,BANGLADESH-FILTERED GSC,THIN-LEGACY,D,0,False,LEGACY,True,WEAK_OR_JS_DEPENDENT,False,0,none,no-meaning-or-definition
tyrants,https://ovidhan.net/word/tyrants.html,0,1,0.0,23.0,BANGLADESH-FILTERED GSC,THIN-LEGACY,D,0,False,LEGACY,True,WEAK_OR_JS_DEPENDENT,False,0,none,no-meaning-or-definition
ultimatum,https://ovidhan.net/word/ultimatum.html,0,1,0.0,50.0,BANGLADESH-FILTERED GSC,REVIEW,B,3,False,LEGACY,True,WEAK_OR_JS_DEPENDENT,False,1,bangla,pos-missing;editorial-status-draft
unambiguous,https://ovidhan.net/word/unambiguous.html,0,1,0.0,34.0,BANGLADESH-FILTERED GSC,THIN-LEGACY,D,0,False,LEGACY,True,WEAK_OR_JS_DEPENDENT,False,0,none,no-meaning-or-definition
undertaker,https://ovidhan.net/word/undertaker.html,0,1,0.0,33.0,BANGLADESH-FILTERED GSC,THIN-LEGACY,D,0,False,LEGACY,True,WEAK_OR_JS_DEPENDENT,False,0,none,no-meaning-or-definition
undivided,https://ovidhan.net/word/undivided.html,0,1,0.0,23.0,BANGLADESH-FILTERED GSC,THIN-LEGACY,D,0,False,LEGACY,True,WEAK_OR_JS_DEPENDENT,False,0,none,no-meaning-or-definition
undp,https://ovidhan.net/word/undp.html,0,1,0.0,31.0,BANGLADESH-FILTERED GSC,THIN-LEGACY,D,0,False,LEGACY,True,WEAK_OR_JS_DEPENDENT,False,0,none,no-meaning-or-definition
unfavourable,https://ovidhan.net/word/unfavourable.html,0,1,0.0,18.0,BANGLADESH-FILTERED GSC,THIN-LEGACY,D,0,False,LEGACY,True,WEAK_OR_JS_DEPENDENT,False,0,none,no-meaning-or-definition
unhappily,https://ovidhan.net/word/unhappily.html,0,1,0.0,42.0,BANGLADESH-FILTERED GSC,THIN-LEGACY,D,0,False,LEGACY,True,WEAK_OR_JS_DEPENDENT,False,0,none,no-meaning-or-definition
unity,https://ovidhan.net/word/unity.html,0,1,0.0,20.0,BANGLADESH-FILTERED GSC,THIN-LEGACY,D,0,False,LEGACY,True,WEAK_OR_JS_DEPENDENT,False,0,none,no-meaning-or-definition
univ,https://ovidhan.net/word/univ.html,0,1,0.0,59.0,BANGLADESH-FILTERED GSC,THIN-LEGACY,D,0,False,LEGACY,True,WEAK_OR_JS_DEPENDENT,False,0,none,no-meaning-or-definition
upsets,https://ovidhan.net/word/upsets.html,0,1,0.0,72.0,BANGLADESH-FILTERED GSC,THIN-LEGACY,D,0,False,LEGACY,True,WEAK_OR_JS_DEPENDENT,False,0,none,no-meaning-or-definition
uterus,https://ovidhan.net/word/uterus.html,0,1,0.0,50.0,BANGLADESH-FILTERED GSC,THIN-LEGACY,D,0,False,LEGACY,True,WEAK_OR_JS_DEPENDENT,False,0,none,no-meaning-or-definition
valencia,https://ovidhan.net/word/valencia.html,0,1,0.0,10.0,BANGLADESH-FILTERED GSC,THIN-LEGACY,D,0,False,LEGACY,True,WEAK_OR_JS_DEPENDENT,False,0,none,no-meaning-or-definition
valkyrie,https://ovidhan.net/word/valkyrie.html,0,1,0.0,8.0,BANGLADESH-FILTERED GSC,THIN-LEGACY,D,0,False,LEGACY,True,WEAK_OR_JS_DEPENDENT,False,0,none,no-meaning-or-definition
vasectomy,https://ovidhan.net/word/vasectomy.html,0,1,0.0,57.0,BANGLADESH-FILTERED GSC,THIN-LEGACY,D,0,False,LEGACY,True,WEAK_OR_JS_DEPENDENT,False,0,none,no-meaning-or-definition
velocity,https://ovidhan.net/word/velocity.html,0,1,0.0,70.0,BANGLADESH-FILTERED GSC,REVIEW,B,3,False,LEGACY,True,WEAK_OR_JS_DEPENDENT,False,1,bangla,pos-missing;editorial-status-draft
vet,https://ovidhan.net/word/vet.html,0,1,0.0,85.0,BANGLADESH-FILTERED GSC,THIN-LEGACY,D,0,False,LEGACY,True,WEAK_OR_JS_DEPENDENT,False,0,none,no-meaning-or-definition
vidya,https://ovidhan.net/word/vidya.html,0,1,0.0,64.0,BANGLADESH-FILTERED GSC,THIN-LEGACY,D,0,False,LEGACY,True,WEAK_OR_JS_DEPENDENT,False,0,none,no-meaning-or-definition
virtuous,https://ovidhan.net/word/virtuous.html,0,1,0.0,74.0,BANGLADESH-FILTERED GSC,THIN-LEGACY,D,0,False,LEGACY,True,WEAK_OR_JS_DEPENDENT,False,0,none,no-meaning-or-definition
vocabulary,https://ovidhan.net/word/vocabulary.html,0,1,0.0,52.0,BANGLADESH-FILTERED GSC,REVIEW,B,3,False,LEGACY,True,WEAK_OR_JS_DEPENDENT,False,1,bangla,pos-missing;editorial-status-draft
voicing,https://ovidhan.net/word/voicing.html,0,1,0.0,19.0,BANGLADESH-FILTERED GSC,THIN-LEGACY,D,0,False,LEGACY,True,WEAK_OR_JS_DEPENDENT,False,0,none,no-meaning-or-definition
voted,https://ovidhan.net/word/voted.html,0,1,0.0,47.0,BANGLADESH-FILTERED GSC,THIN-LEGACY,D,0,False,LEGACY,True,WEAK_OR_JS_DEPENDENT,False,0,none,no-meaning-or-definition
wading,https://ovidhan.net/word/wading.html,0,1,0.0,22.0,BANGLADESH-FILTERED GSC,THIN-LEGACY,D,0,False,LEGACY,True,WEAK_OR_JS_DEPENDENT,False,0,none,no-meaning-or-definition
waffles,https://ovidhan.net/word/waffles.html,0,1,0.0,58.0,BANGLADESH-FILTERED GSC,THIN-LEGACY,D,0,False,LEGACY,True,WEAK_OR_JS_DEPENDENT,False,0,none,no-meaning-or-definition
wagon,https://ovidhan.net/word/wagon.html,0,1,0.0,36.0,BANGLADESH-FILTERED GSC,REVIEW,B,3,False,LEGACY,True,WEAK_OR_JS_DEPENDENT,False,1,bangla,pos-missing;editorial-status-draft
walkers,https://ovidhan.net/word/walkers.html,0,1,0.0,64.0,BANGLADESH-FILTERED GSC,THIN-LEGACY,D,0,False,LEGACY,True,WEAK_OR_JS_DEPENDENT,False,0,none,no-meaning-or-definition
warner,https://ovidhan.net/word/warner.html,0,1,0.0,9.0,BANGLADESH-FILTERED GSC,THIN-LEGACY,D,0,False,LEGACY,True,WEAK_OR_JS_DEPENDENT,False,0,none,no-meaning-or-definition
wash,https://ovidhan.net/word/wash.html,0,1,0.0,51.0,BANGLADESH-FILTERED GSC,REVIEW,B,3,False,LEGACY,True,WEAK_OR_JS_DEPENDENT,False,1,bangla,pos-missing;editorial-status-draft
waterman,https://ovidhan.net/word/waterman.html,0,1,0.0,76.0,BANGLADESH-FILTERED GSC,THIN-LEGACY,D,0,False,LEGACY,True,WEAK_OR_JS_DEPENDENT,False,0,none,no-meaning-or-definition
waterproof,https://ovidhan.net/word/waterproof.html,0,1,0.0,72.0,BANGLADESH-FILTERED GSC,THIN-LEGACY,D,0,False,LEGACY,True,WEAK_OR_JS_DEPENDENT,False,0,none,no-meaning-or-definition
waterways,https://ovidhan.net/word/waterways.html,0,1,0.0,29.0,BANGLADESH-FILTERED GSC,THIN-LEGACY,D,0,False,LEGACY,True,WEAK_OR_JS_DEPENDENT,False,0,none,no-meaning-or-definition
wavelength,https://ovidhan.net/word/wavelength.html,0,1,0.0,16.0,BANGLADESH-FILTERED GSC,THIN-LEGACY,D,0,False,LEGACY,True,WEAK_OR_JS_DEPENDENT,False,0,none,no-meaning-or-definition
wealthy,https://ovidhan.net/word/wealthy.html,0,1,0.0,39.0,BANGLADESH-FILTERED GSC,THIN-LEGACY,D,0,False,LEGACY,True,WEAK_OR_JS_DEPENDENT,False,0,none,no-meaning-or-definition
weird,https://ovidhan.net/word/weird.html,0,1,0.0,16.0,BANGLADESH-FILTERED GSC,REVIEW,B,3,False,LEGACY,True,WEAK_OR_JS_DEPENDENT,False,1,bangla,pos-missing;editorial-status-draft
welcomed,https://ovidhan.net/word/welcomed.html,0,1,0.0,74.0,BANGLADESH-FILTERED GSC,THIN-LEGACY,D,0,False,LEGACY,True,WEAK_OR_JS_DEPENDENT,False,0,none,no-meaning-or-definition
wellcome,https://ovidhan.net/word/wellcome.html,0,1,0.0,16.0,BANGLADESH-FILTERED GSC,THIN-LEGACY,D,0,False,LEGACY,True,WEAK_OR_JS_DEPENDENT,False,0,none,no-meaning-or-definition
wesleyan,https://ovidhan.net/word/wesleyan.html,0,1,0.0,46.0,BANGLADESH-FILTERED GSC,THIN-LEGACY,D,0,False,LEGACY,True,WEAK_OR_JS_DEPENDENT,False,0,none,no-meaning-or-definition
wheelchair,https://ovidhan.net/word/wheelchair.html,0,1,0.0,16.0,BANGLADESH-FILTERED GSC,THIN-LEGACY,D,0,False,LEGACY,True,WEAK_OR_JS_DEPENDENT,False,0,none,no-meaning-or-definition
wheelers,https://ovidhan.net/word/wheelers.html,0,1,0.0,53.0,BANGLADESH-FILTERED GSC,THIN-LEGACY,D,0,False,LEGACY,True,WEAK_OR_JS_DEPENDENT,False,0,none,no-meaning-or-definition
whimper,https://ovidhan.net/word/whimper.html,0,1,0.0,65.0,BANGLADESH-FILTERED GSC,THIN-LEGACY,D,0,False,LEGACY,True,WEAK_OR_JS_DEPENDENT,False,0,none,no-meaning-or-definition
whirlwind,https://ovidhan.net/word/whirlwind.html,0,1,0.0,59.0,BANGLADESH-FILTERED GSC,THIN-LEGACY,D,0,False,LEGACY,True,WEAK_OR_JS_DEPENDENT,False,0,none,no-meaning-or-definition
whisked,https://ovidhan.net/word/whisked.html,0,1,0.0,67.0,BANGLADESH-FILTERED GSC,THIN-LEGACY,D,0,False,LEGACY,True,WEAK_OR_JS_DEPENDENT,False,0,none,no-meaning-or-definition
whomever,https://ovidhan.net/word/whomever.html,0,1,0.0,10.0,BANGLADESH-FILTERED GSC,THIN-LEGACY,D,0,False,LEGACY,True,WEAK_OR_JS_DEPENDENT,False,0,none,no-meaning-or-definition
wick,https://ovidhan.net/word/wick.html,0,1,0.0,54.0,BANGLADESH-FILTERED GSC,THIN-LEGACY,D,0,False,LEGACY,True,WEAK_OR_JS_DEPENDENT,False,0,none,no-meaning-or-definition
wide,https://ovidhan.net/word/wide.html,0,1,0.0,69.0,BANGLADESH-FILTERED GSC,REVIEW,A,7,False,LEGACY,True,WEAK_OR_JS_DEPENDENT,False,4,bangla;definition;part_of_speech;example,all-source-examples-rejected
wildfire,https://ovidhan.net/word/wildfire.html,0,1,0.0,12.0,BANGLADESH-FILTERED GSC,THIN-LEGACY,D,0,False,LEGACY,True,WEAK_OR_JS_DEPENDENT,False,0,none,no-meaning-or-definition
wildflower,https://ovidhan.net/word/wildflower.html,0,1,0.0,51.0,BANGLADESH-FILTERED GSC,THIN-LEGACY,D,0,False,LEGACY,True,WEAK_OR_JS_DEPENDENT,False,0,none,no-meaning-or-definition
willfully,https://ovidhan.net/word/willfully.html,0,1,0.0,39.0,BANGLADESH-FILTERED GSC,THIN-LEGACY,D,0,False,LEGACY,True,WEAK_OR_JS_DEPENDENT,False,0,none,no-meaning-or-definition
wingman,https://ovidhan.net/word/wingman.html,0,1,0.0,16.0,BANGLADESH-FILTERED GSC,THIN-LEGACY,D,0,False,LEGACY,True,WEAK_OR_JS_DEPENDENT,False,0,none,no-meaning-or-definition
wipe,https://ovidhan.net/word/wipe.html,0,1,0.0,53.0,BANGLADESH-FILTERED GSC,REVIEW,B,3,False,LEGACY,True,WEAK_OR_JS_DEPENDENT,False,1,bangla,pos-missing;editorial-status-draft
wished,https://ovidhan.net/word/wished.html,0,1,0.0,22.0,BANGLADESH-FILTERED GSC,THIN-LEGACY,D,0,False,LEGACY,True,WEAK_OR_JS_DEPENDENT,False,0,none,no-meaning-or-definition
withdrawal,https://ovidhan.net/word/withdrawal.html,0,1,0.0,82.0,BANGLADESH-FILTERED GSC,REVIEW,B,3,False,LEGACY,True,WEAK_OR_JS_DEPENDENT,False,1,bangla,pos-missing;editorial-status-draft
wondering,https://ovidhan.net/word/wondering.html,0,1,0.0,28.0,BANGLADESH-FILTERED GSC,THIN-LEGACY,D,0,False,LEGACY,True,WEAK_OR_JS_DEPENDENT,False,0,none,no-meaning-or-definition
wordy,https://ovidhan.net/word/wordy.html,0,1,0.0,8.0,BANGLADESH-FILTERED GSC,THIN-LEGACY,D,0,False,LEGACY,True,WEAK_OR_JS_DEPENDENT,False,0,none,no-meaning-or-definition
worlds,https://ovidhan.net/word/worlds.html,0,1,0.0,48.0,BANGLADESH-FILTERED GSC,THIN-LEGACY,D,0,False,LEGACY,True,WEAK_OR_JS_DEPENDENT,False,0,none,no-meaning-or-definition
wounding,https://ovidhan.net/word/wounding.html,0,1,0.0,63.0,BANGLADESH-FILTERED GSC,THIN-LEGACY,D,0,False,LEGACY,True,WEAK_OR_JS_DEPENDENT,False,0,none,no-meaning-or-definition
wrongdoing,https://ovidhan.net/word/wrongdoing.html,0,1,0.0,66.0,BANGLADESH-FILTERED GSC,THIN-LEGACY,D,0,False,LEGACY,True,WEAK_OR_JS_DEPENDENT,False,0,none,no-meaning-or-definition
yak,https://ovidhan.net/word/yak.html,0,1,0.0,18.0,BANGLADESH-FILTERED GSC,THIN-LEGACY,D,0,False,LEGACY,True,WEAK_OR_JS_DEPENDENT,False,0,none,no-meaning-or-definition
yardage,https://ovidhan.net/word/yardage.html,0,1,0.0,64.0,BANGLADESH-FILTERED GSC,THIN-LEGACY,D,0,False,LEGACY,True,WEAK_OR_JS_DEPENDENT,False,0,none,no-meaning-or-definition
