original_priority_rank,word,url,canonical_slug_valid,BD_IMPRESSIONS,BD_CLICKS,BD_CTR,BD_POSITION,BD_RELEVANT_QUERY_IMPRESSIONS,tier,migration_class,rendering_state,source_completeness_score,source_fields_present,source_bangla,source_definition,source_part_of_speech,source_example,source_synonyms,source_antonyms,source_word_family,source_pronunciation,source_editorial_status,classification,source_problem,recommended_action,synthetic_example_rejected,publish_bangla,publish_definition,publish_part_of_speech,publish_example,publish_synonyms,publish_antonyms,publish_word_family,publish_pronunciation,publish_synonym_values,publish_antonym_values,publish_word_family_values,future_omissions
1,hosted,https://ovidhan.net/word/hosted.html,True,1,0,0.0,8.0,1,A,REVIEW,LEGACY,6,bangla;definition;pos;example;synonyms;word_family,হোস্ট করা,be the host of or for,verb,'hosted' is common in English.,host,,host,,,APPROVE_WITH_OMISSIONS,Synthetic/meta example must be omitted.,INCLUDE_IN_TREATMENT,True,True,True,True,False,False,False,True,False,,,host,example;synonyms
2,integration,https://ovidhan.net/word/integration.html,True,2,0,0.0,11.5,1,A,REVIEW,LEGACY,7,bangla;definition;pos;example;synonyms;antonyms;word_family,ইন্টিগ্রেশন,the action of incorporating a racial or religious group into a community,noun,This is a integration.,integration;desegregation;integrating,segregation,desegregate;consolidate;integrate,,,APPROVE_WITH_OMISSIONS,Bangla transliteration and grammatically broken synthetic example must be omitted; narrow but valid definition may be published.,INCLUDE_IN_TREATMENT,True,False,True,True,False,False,True,False,False,,segregation,,bangla;example;synonyms;word_family
3,outright,https://ovidhan.net/word/outright.html,True,5,0,0.0,19.2,4,B,REVIEW,LEGACY,1,bangla,সরাসরি,,,,,,,,draft,APPROVE,Verified learner-useful Bangla meaning and/or definition; missing optional fields remain absent.,INCLUDE_IN_TREATMENT,False,True,False,False,False,False,False,False,False,,,,none
4,street,https://ovidhan.net/word/street.html,True,2,0,0.0,25.0,1,A,REVIEW,LEGACY,5,bangla;definition;pos;example;synonyms,রাস্তা,a thoroughfare (usually including sidewalks) that is lined with buildings,noun,I know the word 'street'.,street,,,,,APPROVE_WITH_OMISSIONS,Synthetic/meta example must be omitted.,INCLUDE_IN_TREATMENT,True,True,True,True,False,False,False,False,False,,,,example;synonyms
5,net-worth,https://ovidhan.net/word/net-worth.html,True,4,0,0.0,12.0,0,B,REVIEW,LEGACY,1,bangla,মোট মূল্য,,,,,,,,draft,APPROVE,Verified learner-useful Bangla meaning and/or definition; missing optional fields remain absent.,INCLUDE_IN_TREATMENT,False,True,False,False,False,False,False,False,False,,,,none
6,tension,https://ovidhan.net/word/tension.html,True,9,0,0.0,54.22,4,B,REVIEW,LEGACY,1,bangla,উত্তেজনা,,,,,,,,draft,APPROVE,Verified learner-useful Bangla meaning and/or definition; missing optional fields remain absent.,INCLUDE_IN_TREATMENT,False,True,False,False,False,False,False,False,False,,,,none
7,provision,https://ovidhan.net/word/provision.html,True,2,0,0.0,68.0,0,A,REVIEW,LEGACY,6,bangla;definition;pos;example;synonyms;word_family,বিধান,a stipulated condition,noun,Can you use 'provision' in a sentence?,proviso;provision,,supply;provisioner;provide;purveyor;provision;purveyance;plan;provisionary,,,APPROVE_WITH_OMISSIONS,Synthetic/meta example must be omitted.,INCLUDE_IN_TREATMENT,True,True,True,True,False,True,False,False,False,proviso,,,example;unverified_synonyms;word_family
8,sinuous,https://ovidhan.net/word/sinuous.html,True,1,0,0.0,9.0,1,B,REVIEW,LEGACY,1,bangla,পাপপূর্ণ,,,,,,,,draft,REJECT,Bangla meaning 'পাপপূর্ণ' is incorrect for sinuous; no independent definition is present.,DATA_REMEDIATION,False,False,False,False,False,False,False,False,False,,,,bangla
9,ugly,https://ovidhan.net/word/ugly.html,True,4,0,0.0,29.75,2,B,REVIEW,LEGACY,1,bangla,কুৎসিত,,,,,,,,draft,APPROVE,Verified learner-useful Bangla meaning and/or definition; missing optional fields remain absent.,INCLUDE_IN_TREATMENT,False,True,False,False,False,False,False,False,False,,,,none
10,wide,https://ovidhan.net/word/wide.html,True,1,0,0.0,69.0,2,A,REVIEW,LEGACY,7,bangla;definition;pos;example;synonyms;antonyms;word_family,প্রশস্ত,having great (or a certain) extent from one side to the other,adjective,This is a wide.,wide;broad,narrow,wideness;spaciousness;broadness;extensiveness;fullness,,,APPROVE_WITH_OMISSIONS,Synthetic/meta example must be omitted.,INCLUDE_IN_TREATMENT,True,True,True,True,False,True,True,False,False,broad,narrow,,example;unverified_synonyms;word_family
11,saturday,https://ovidhan.net/word/saturday.html,True,1,0,0.0,83.0,1,A,REVIEW,LEGACY,5,bangla;definition;pos;example;synonyms,শনিবার,the seventh and last day of the week; observed as the Sabbath by Jews and some Christians,noun,This is a saturday.,Saturday;Sat;Sabbatum,,,,,APPROVE_WITH_OMISSIONS,Synthetic/meta example must be omitted.,INCLUDE_IN_TREATMENT,True,True,True,True,False,False,False,False,False,,,,example;synonyms
12,stroll,https://ovidhan.net/word/stroll.html,True,3,0,0.0,24.67,3,B,REVIEW,LEGACY,1,bangla,হাঁটা,,,,,,,,draft,APPROVE,Verified learner-useful Bangla meaning and/or definition; missing optional fields remain absent.,INCLUDE_IN_TREATMENT,False,True,False,False,False,False,False,False,False,,,,none
13,mayhem,https://ovidhan.net/word/mayhem.html,True,1,0,0.0,11.0,1,B,REVIEW,LEGACY,1,bangla,মারপিট,,,,,,,,draft,HUMAN_REVIEW,Bangla 'মারপিট' is narrower than mayhem and may select the wrong primary sense.,HUMAN_EDITOR_REVIEW,False,False,False,False,False,False,False,False,False,,,,bangla
14,quirky,https://ovidhan.net/word/quirky.html,True,3,0,0.0,21.33,3,B,REVIEW,LEGACY,1,bangla,অদ্ভুত,,,,,,,,draft,APPROVE,Verified learner-useful Bangla meaning and/or definition; missing optional fields remain absent.,INCLUDE_IN_TREATMENT,False,True,False,False,False,False,False,False,False,,,,none
15,mercantile,https://ovidhan.net/word/mercantile.html,True,1,0,0.0,11.0,1,B,REVIEW,LEGACY,1,bangla,ব্যবসায়িক,,,,,,,,draft,APPROVE,Verified learner-useful Bangla meaning and/or definition; missing optional fields remain absent.,INCLUDE_IN_TREATMENT,False,True,False,False,False,False,False,False,False,,,,none
16,february,https://ovidhan.net/word/february.html,True,1,0,0.0,55.0,0,A,REVIEW,LEGACY,5,bangla;definition;pos;example;synonyms,ফেব্রুয়ারী,the month following January and preceding March,noun,'february' is common in English.,February;Feb,,,,,APPROVE_WITH_OMISSIONS,Synthetic/meta example must be omitted.,INCLUDE_IN_TREATMENT,True,True,True,True,False,False,False,False,False,,,,example;synonyms
17,on,https://ovidhan.net/word/on.html,True,1,0,0.0,74.0,0,A,REVIEW,LEGACY,6,bangla;definition;pos;example;synonyms;antonyms,অন,in operation or operational,adjective,I know the word 'on'.,on,off,,,,HUMAN_REVIEW,Bangla is only 'অন' and the definition covers a narrow adjective sense of a highly polysemous word.,HUMAN_EDITOR_REVIEW,True,False,False,False,False,False,False,False,False,,,,antonyms;bangla;definition;example;part_of_speech;synonyms
18,oversee,https://ovidhan.net/word/oversee.html,True,1,0,0.0,12.0,1,B,REVIEW,LEGACY,1,bangla,তদারকি,,,,,,,,draft,APPROVE,Verified learner-useful Bangla meaning and/or definition; missing optional fields remain absent.,INCLUDE_IN_TREATMENT,False,True,False,False,False,False,False,False,False,,,,none
19,pose,https://ovidhan.net/word/pose.html,True,1,0,0.0,19.0,1,B,REVIEW,LEGACY,1,bangla,ভঙ্গি,,,,,,,,draft,APPROVE,Verified learner-useful Bangla meaning and/or definition; missing optional fields remain absent.,INCLUDE_IN_TREATMENT,False,True,False,False,False,False,False,False,False,,,,none
20,procure,https://ovidhan.net/word/procure.html,True,1,0,0.0,19.0,1,B,REVIEW,LEGACY,1,bangla,সংগ্রহ,,,,,,,,draft,APPROVE,Verified learner-useful Bangla meaning and/or definition; missing optional fields remain absent.,INCLUDE_IN_TREATMENT,False,True,False,False,False,False,False,False,False,,,,none
21,proprietary,https://ovidhan.net/word/proprietary.html,True,1,0,0.0,11.0,1,B,REVIEW,LEGACY,1,bangla,মালিকানা,,,,,,,,draft,HUMAN_REVIEW,Bangla 'মালিকানা' is a noun while proprietary is commonly adjectival; sense/POS review is required.,HUMAN_EDITOR_REVIEW,False,False,False,False,False,False,False,False,False,,,,bangla
22,weird,https://ovidhan.net/word/weird.html,True,1,0,0.0,16.0,1,B,REVIEW,LEGACY,1,bangla,অদ্ভুত,,,,,,,,draft,APPROVE,Verified learner-useful Bangla meaning and/or definition; missing optional fields remain absent.,INCLUDE_IN_TREATMENT,False,True,False,False,False,False,False,False,False,,,,none
23,rod,https://ovidhan.net/word/rod.html,True,1,0,0.0,16.0,0,B,REVIEW,LEGACY,1,bangla,রড,,,,,,,,draft,APPROVE,Verified learner-useful Bangla meaning and/or definition; missing optional fields remain absent.,INCLUDE_IN_TREATMENT,False,True,False,False,False,False,False,False,False,,,,none
24,legible,https://ovidhan.net/word/legible.html,True,2,0,0.0,24.0,2,B,REVIEW,LEGACY,1,bangla,পাঠযোগ্য,,,,,,,,draft,APPROVE,Verified learner-useful Bangla meaning and/or definition; missing optional fields remain absent.,INCLUDE_IN_TREATMENT,False,True,False,False,False,False,False,False,False,,,,none
25,tram,https://ovidhan.net/word/tram.html,True,2,0,0.0,42.5,2,B,REVIEW,LEGACY,1,bangla,ট্রাম,,,,,,,,draft,APPROVE,Verified learner-useful Bangla meaning and/or definition; missing optional fields remain absent.,INCLUDE_IN_TREATMENT,False,True,False,False,False,False,False,False,False,,,,none
26,labour,https://ovidhan.net/word/labour.html,True,1,0,0.0,19.0,0,B,REVIEW,LEGACY,1,bangla,শ্রম,,,,,,,,draft,APPROVE,Verified learner-useful Bangla meaning and/or definition; missing optional fields remain absent.,INCLUDE_IN_TREATMENT,False,True,False,False,False,False,False,False,False,,,,none
27,loophole,https://ovidhan.net/word/loophole.html,True,1,0,0.0,11.0,0,B,REVIEW,LEGACY,1,bangla,ফাঁকি,,,,,,,,draft,APPROVE,Verified learner-useful Bangla meaning and/or definition; missing optional fields remain absent.,INCLUDE_IN_TREATMENT,False,True,False,False,False,False,False,False,False,,,,none
28,tire,https://ovidhan.net/word/tire.html,True,1,0,0.0,19.0,0,B,REVIEW,LEGACY,1,bangla,টায়ার,,,,,,,,draft,HUMAN_REVIEW,Bangla 'টায়ার' selects the US noun sense but the unqualified headword is polysemous and has no POS/definition.,HUMAN_EDITOR_REVIEW,False,False,False,False,False,False,False,False,False,,,,bangla
29,magenta,https://ovidhan.net/word/magenta.html,True,2,0,0.0,42.5,2,B,REVIEW,LEGACY,1,bangla,ম্যাজেন্টা,,,,,,,,draft,APPROVE,Verified learner-useful Bangla meaning and/or definition; missing optional fields remain absent.,INCLUDE_IN_TREATMENT,False,True,False,False,False,False,False,False,False,,,,none
30,terrible,https://ovidhan.net/word/terrible.html,True,2,0,0.0,50.0,1,B,REVIEW,LEGACY,1,bangla,ভয়ানক,,,,,,,,draft,APPROVE,Verified learner-useful Bangla meaning and/or definition; missing optional fields remain absent.,INCLUDE_IN_TREATMENT,False,True,False,False,False,False,False,False,False,,,,none
31,lean,https://ovidhan.net/word/lean.html,True,3,0,0.0,51.0,3,B,REVIEW,LEGACY,1,bangla,চর্বিহীন,,,,,,,,draft,APPROVE,Verified learner-useful Bangla meaning and/or definition; missing optional fields remain absent.,INCLUDE_IN_TREATMENT,False,True,False,False,False,False,False,False,False,,,,none
32,sack,https://ovidhan.net/word/sack.html,True,2,0,0.0,37.5,1,B,REVIEW,LEGACY,1,bangla,বস্তা,,,,,,,,draft,APPROVE,Verified learner-useful Bangla meaning and/or definition; missing optional fields remain absent.,INCLUDE_IN_TREATMENT,False,True,False,False,False,False,False,False,False,,,,none
33,sink,https://ovidhan.net/word/sink.html,True,2,0,0.0,47.5,0,B,REVIEW,LEGACY,1,bangla,ডুব,,,,,,,,draft,APPROVE,Verified learner-useful Bangla meaning and/or definition; missing optional fields remain absent.,INCLUDE_IN_TREATMENT,False,True,False,False,False,False,False,False,False,,,,none
34,mirth,https://ovidhan.net/word/mirth.html,True,1,0,0.0,24.0,1,B,REVIEW,LEGACY,1,bangla,আনন্দ,,,,,,,,draft,APPROVE,Verified learner-useful Bangla meaning and/or definition; missing optional fields remain absent.,INCLUDE_IN_TREATMENT,False,True,False,False,False,False,False,False,False,,,,none
35,mutiny,https://ovidhan.net/word/mutiny.html,True,1,0,0.0,38.0,1,B,REVIEW,LEGACY,1,bangla,বিদ্রোহ,,,,,,,,draft,APPROVE,Verified learner-useful Bangla meaning and/or definition; missing optional fields remain absent.,INCLUDE_IN_TREATMENT,False,True,False,False,False,False,False,False,False,,,,none
36,quilt,https://ovidhan.net/word/quilt.html,True,2,0,0.0,58.0,2,B,REVIEW,LEGACY,1,bangla,কুইল্ট,,,,,,,,draft,HUMAN_REVIEW,Bangla is transliteration-only; confirm whether an explanatory Bangla equivalent is required.,HUMAN_EDITOR_REVIEW,False,False,False,False,False,False,False,False,False,,,,bangla
37,sanguine,https://ovidhan.net/word/sanguine.html,True,2,0,0.0,81.5,2,B,REVIEW,LEGACY,1,bangla,স্বচ্ছ,,,,,,,,draft,REJECT,Bangla meaning 'স্বচ্ছ' is incorrect for the relevant senses of sanguine.,DATA_REMEDIATION,False,False,False,False,False,False,False,False,False,,,,bangla
38,purge,https://ovidhan.net/word/purge.html,True,1,0,0.0,42.0,1,B,REVIEW,LEGACY,1,bangla,শুদ্ধ করা,,,,,,,,draft,APPROVE,Verified learner-useful Bangla meaning and/or definition; missing optional fields remain absent.,INCLUDE_IN_TREATMENT,False,True,False,False,False,False,False,False,False,,,,none
39,sturdy,https://ovidhan.net/word/sturdy.html,True,1,0,0.0,31.0,1,B,REVIEW,LEGACY,1,bangla,বলিষ্ঠ,,,,,,,,draft,APPROVE,Verified learner-useful Bangla meaning and/or definition; missing optional fields remain absent.,INCLUDE_IN_TREATMENT,False,True,False,False,False,False,False,False,False,,,,none
40,militant,https://ovidhan.net/word/militant.html,True,1,0,0.0,27.0,1,B,REVIEW,LEGACY,1,bangla,জঙ্গি,,,,,,,,draft,HUMAN_REVIEW,Bangla 'জঙ্গি' is narrower and more charged than the full adjective/noun meaning.,HUMAN_EDITOR_REVIEW,False,False,False,False,False,False,False,False,False,,,,bangla
41,musk,https://ovidhan.net/word/musk.html,True,1,0,0.0,34.0,1,B,REVIEW,LEGACY,1,bangla,কস্তুরী,,,,,,,,draft,APPROVE,Verified learner-useful Bangla meaning and/or definition; missing optional fields remain absent.,INCLUDE_IN_TREATMENT,False,True,False,False,False,False,False,False,False,,,,none
42,rudimentary,https://ovidhan.net/word/rudimentary.html,True,1,0,0.0,32.0,1,B,REVIEW,LEGACY,1,bangla,প্রাথমিক,,,,,,,,draft,APPROVE,Verified learner-useful Bangla meaning and/or definition; missing optional fields remain absent.,INCLUDE_IN_TREATMENT,False,True,False,False,False,False,False,False,False,,,,none
43,terrific,https://ovidhan.net/word/terrific.html,True,1,0,0.0,26.0,1,B,REVIEW,LEGACY,1,bangla,ভয়ঙ্কর,,,,,,,,draft,HUMAN_REVIEW,Bangla 'ভয়ঙ্কর' represents an older/literal sense and may mislead for the common modern sense 'excellent'.,HUMAN_EDITOR_REVIEW,False,False,False,False,False,False,False,False,False,,,,bangla
44,tunnel,https://ovidhan.net/word/tunnel.html,True,1,0,0.0,39.0,1,B,REVIEW,LEGACY,1,bangla,টানেল,,,,,,,,draft,APPROVE,Verified learner-useful Bangla meaning and/or definition; missing optional fields remain absent.,INCLUDE_IN_TREATMENT,False,True,False,False,False,False,False,False,False,,,,none
45,constellation,https://ovidhan.net/word/constellation.html,True,1,0,0.0,27.0,1,B,REVIEW,LEGACY,1,bangla,নক্ষত্রপুঞ্জ,,,,,,,,draft,APPROVE,Verified learner-useful Bangla meaning and/or definition; missing optional fields remain absent.,INCLUDE_IN_TREATMENT,False,True,False,False,False,False,False,False,False,,,,none
46,prologue,https://ovidhan.net/word/prologue.html,True,1,0,0.0,31.0,1,B,REVIEW,LEGACY,1,bangla,প্রস্তাবনা,,,,,,,,draft,APPROVE,Verified learner-useful Bangla meaning and/or definition; missing optional fields remain absent.,INCLUDE_IN_TREATMENT,False,True,False,False,False,False,False,False,False,,,,none
47,quake,https://ovidhan.net/word/quake.html,True,1,0,0.0,37.0,1,B,REVIEW,LEGACY,1,bangla,ভূমিকম্প,,,,,,,,draft,APPROVE,Verified learner-useful Bangla meaning and/or definition; missing optional fields remain absent.,INCLUDE_IN_TREATMENT,False,True,False,False,False,False,False,False,False,,,,none
48,spectacular,https://ovidhan.net/word/spectacular.html,True,1,0,0.0,30.0,1,B,REVIEW,LEGACY,1,bangla,দর্শনীয়,,,,,,,,draft,APPROVE,Verified learner-useful Bangla meaning and/or definition; missing optional fields remain absent.,INCLUDE_IN_TREATMENT,False,True,False,False,False,False,False,False,False,,,,none
49,wallet,https://ovidhan.net/word/wallet.html,True,2,0,0.0,53.0,1,B,REVIEW,LEGACY,1,bangla,মানিব্যাগ,,,,,,,,draft,APPROVE,Verified learner-useful Bangla meaning and/or definition; missing optional fields remain absent.,INCLUDE_IN_TREATMENT,False,True,False,False,False,False,False,False,False,,,,none
50,stalk,https://ovidhan.net/word/stalk.html,True,2,0,0.0,53.0,1,B,REVIEW,LEGACY,1,bangla,ডালপালা,,,,,,,,draft,HUMAN_REVIEW,Bangla 'ডালপালা' does not clearly identify the intended stem/stalk sense.,HUMAN_EDITOR_REVIEW,False,False,False,False,False,False,False,False,False,,,,bangla
51,economical,https://ovidhan.net/word/economical.html,True,1,0,0.0,30.0,1,B,REVIEW,LEGACY,1,bangla,অর্থনৈতিক,,,,,,,,draft,REJECT,"Bangla meaning 'অর্থনৈতিক' describes economic, not economical (cost-saving/frugal).",DATA_REMEDIATION,False,False,False,False,False,False,False,False,False,,,,bangla
52,integrity,https://ovidhan.net/word/integrity.html,True,1,0,0.0,48.0,1,B,REVIEW,LEGACY,1,bangla,সততা,,,,,,,,draft,APPROVE,Verified learner-useful Bangla meaning and/or definition; missing optional fields remain absent.,INCLUDE_IN_TREATMENT,False,True,False,False,False,False,False,False,False,,,,none
53,monumental,https://ovidhan.net/word/monumental.html,True,1,0,0.0,26.0,1,B,REVIEW,LEGACY,1,bangla,মনুমেন্টাল,,,,,,,,draft,REJECT,Bangla is an unexplained transliteration and no definition establishes a learner-useful sense.,DATA_REMEDIATION,False,False,False,False,False,False,False,False,False,,,,bangla
54,nun,https://ovidhan.net/word/nun.html,True,1,0,0.0,33.0,1,B,REVIEW,LEGACY,1,bangla,সন্ন্যাসী,,,,,,,,draft,REJECT,Bangla meaning uses the masculine/general 'সন্ন্যাসী'; the female sense is not represented accurately.,DATA_REMEDIATION,False,False,False,False,False,False,False,False,False,,,,bangla
55,pedestrian,https://ovidhan.net/word/pedestrian.html,True,1,0,0.0,25.0,1,B,REVIEW,LEGACY,1,bangla,পথচারী,,,,,,,,draft,APPROVE,Verified learner-useful Bangla meaning and/or definition; missing optional fields remain absent.,INCLUDE_IN_TREATMENT,False,True,False,False,False,False,False,False,False,,,,none
56,shout,https://ovidhan.net/word/shout.html,True,1,0,0.0,49.0,1,B,REVIEW,LEGACY,1,bangla,চিৎকার,,,,,,,,draft,APPROVE,Verified learner-useful Bangla meaning and/or definition; missing optional fields remain absent.,INCLUDE_IN_TREATMENT,False,True,False,False,False,False,False,False,False,,,,none
57,swing,https://ovidhan.net/word/swing.html,True,1,0,0.0,45.0,1,B,REVIEW,LEGACY,1,bangla,সুইং,,,,,,,,draft,HUMAN_REVIEW,Transliteration-only answer does not disambiguate the noun and verb senses.,HUMAN_EDITOR_REVIEW,False,False,False,False,False,False,False,False,False,,,,bangla
58,sympathy,https://ovidhan.net/word/sympathy.html,True,1,0,0.0,38.0,1,B,REVIEW,LEGACY,1,bangla,সহানুভূতি,,,,,,,,draft,APPROVE,Verified learner-useful Bangla meaning and/or definition; missing optional fields remain absent.,INCLUDE_IN_TREATMENT,False,True,False,False,False,False,False,False,False,,,,none
59,torch,https://ovidhan.net/word/torch.html,True,1,0,0.0,34.0,1,B,REVIEW,LEGACY,1,bangla,টর্চ,,,,,,,,draft,APPROVE,Verified learner-useful Bangla meaning and/or definition; missing optional fields remain absent.,INCLUDE_IN_TREATMENT,False,True,False,False,False,False,False,False,False,,,,none
60,wagon,https://ovidhan.net/word/wagon.html,True,1,0,0.0,36.0,1,B,REVIEW,LEGACY,1,bangla,ওয়াগন,,,,,,,,draft,APPROVE,Verified learner-useful Bangla meaning and/or definition; missing optional fields remain absent.,INCLUDE_IN_TREATMENT,False,True,False,False,False,False,False,False,False,,,,none
61,subside,https://ovidhan.net/word/subside.html,True,1,0,0.0,42.0,0,B,REVIEW,LEGACY,1,bangla,কম,,,,,,,,draft,REJECT,Bangla value 'কম' is not a sufficient or grammatically correct rendering of the verb subside.,DATA_REMEDIATION,False,False,False,False,False,False,False,False,False,,,,bangla
62,quarry,https://ovidhan.net/word/quarry.html,True,1,0,0.0,37.0,0,B,REVIEW,LEGACY,1,bangla,খনন,,,,,,,,draft,HUMAN_REVIEW,Bangla 'খনন' describes excavation rather than clearly defining quarry as noun/verb.,HUMAN_EDITOR_REVIEW,False,False,False,False,False,False,False,False,False,,,,bangla
63,vocabulary,https://ovidhan.net/word/vocabulary.html,True,1,0,0.0,52.0,7,B,REVIEW,LEGACY,1,bangla,শব্দভান্ডার,,,,,,,,draft,APPROVE,Verified learner-useful Bangla meaning and/or definition; missing optional fields remain absent.,INCLUDE_IN_TREATMENT,False,True,False,False,False,False,False,False,False,,,,none
64,nevertheless,https://ovidhan.net/word/nevertheless.html,True,1,0,0.0,47.0,0,B,REVIEW,LEGACY,1,bangla,তবুও,,,,,,,,draft,APPROVE,Verified learner-useful Bangla meaning and/or definition; missing optional fields remain absent.,INCLUDE_IN_TREATMENT,False,True,False,False,False,False,False,False,False,,,,none
65,spine,https://ovidhan.net/word/spine.html,True,1,0,0.0,32.0,0,B,REVIEW,LEGACY,1,bangla,মেরুদণ্ড,,,,,,,,draft,APPROVE,Verified learner-useful Bangla meaning and/or definition; missing optional fields remain absent.,INCLUDE_IN_TREATMENT,False,True,False,False,False,False,False,False,False,,,,none
66,stab,https://ovidhan.net/word/stab.html,True,1,0,0.0,46.0,0,B,REVIEW,LEGACY,1,bangla,ছুরিকাঘাত,,,,,,,,draft,APPROVE,Verified learner-useful Bangla meaning and/or definition; missing optional fields remain absent.,INCLUDE_IN_TREATMENT,False,True,False,False,False,False,False,False,False,,,,none
67,ultimatum,https://ovidhan.net/word/ultimatum.html,True,1,0,0.0,50.0,0,B,REVIEW,LEGACY,1,bangla,আল্টিমেটাম,,,,,,,,draft,APPROVE,Verified learner-useful Bangla meaning and/or definition; missing optional fields remain absent.,INCLUDE_IN_TREATMENT,False,True,False,False,False,False,False,False,False,,,,none
68,quantum,https://ovidhan.net/word/quantum.html,True,2,0,0.0,68.0,0,B,REVIEW,LEGACY,1,bangla,কোয়ান্টাম,,,,,,,,draft,APPROVE,Verified learner-useful Bangla meaning and/or definition; missing optional fields remain absent.,INCLUDE_IN_TREATMENT,False,True,False,False,False,False,False,False,False,,,,none
69,moss,https://ovidhan.net/word/moss.html,True,2,0,0.0,57.0,0,B,REVIEW,LEGACY,1,bangla,শ্যাওলা,,,,,,,,draft,APPROVE,Verified learner-useful Bangla meaning and/or definition; missing optional fields remain absent.,INCLUDE_IN_TREATMENT,False,True,False,False,False,False,False,False,False,,,,none
70,sneeze,https://ovidhan.net/word/sneeze.html,True,2,0,0.0,56.5,0,B,REVIEW,LEGACY,1,bangla,হাঁচি,,,,,,,,draft,APPROVE,Verified learner-useful Bangla meaning and/or definition; missing optional fields remain absent.,INCLUDE_IN_TREATMENT,False,True,False,False,False,False,False,False,False,,,,none
71,vanish,https://ovidhan.net/word/vanish.html,True,2,0,0.0,70.0,0,B,REVIEW,LEGACY,1,bangla,অদৃশ্য,,,,,,,,draft,HUMAN_REVIEW,Bangla 'অদৃশ্য' is adjectival and does not fully render the verb without editorial confirmation.,HUMAN_EDITOR_REVIEW,False,False,False,False,False,False,False,False,False,,,,bangla
72,equable,https://ovidhan.net/word/equable.html,True,1,0,0.0,39.0,0,B,REVIEW,LEGACY,1,bangla,সমান,,,,,,,,draft,HUMAN_REVIEW,Bangla 'সমান' is overly broad and may not convey even-tempered/uniform senses.,HUMAN_EDITOR_REVIEW,False,False,False,False,False,False,False,False,False,,,,bangla
73,hallmark,https://ovidhan.net/word/hallmark.html,True,1,0,0.0,42.0,0,B,REVIEW,LEGACY,1,bangla,হলমার্ক,,,,,,,,draft,HUMAN_REVIEW,Transliteration-only answer does not establish the characteristic/mark-of-quality sense.,HUMAN_EDITOR_REVIEW,False,False,False,False,False,False,False,False,False,,,,bangla
74,sad,https://ovidhan.net/word/sad.html,True,1,0,0.0,45.0,0,B,REVIEW,LEGACY,1,bangla,দুঃখজনক,,,,,,,,draft,APPROVE,Verified learner-useful Bangla meaning and/or definition; missing optional fields remain absent.,INCLUDE_IN_TREATMENT,False,True,False,False,False,False,False,False,False,,,,none
75,slant,https://ovidhan.net/word/slant.html,True,1,0,0.0,39.0,0,B,REVIEW,LEGACY,1,bangla,তির্যক,,,,,,,,draft,APPROVE,Verified learner-useful Bangla meaning and/or definition; missing optional fields remain absent.,INCLUDE_IN_TREATMENT,False,True,False,False,False,False,False,False,False,,,,none
76,slobber,https://ovidhan.net/word/slobber.html,True,1,0,0.0,23.0,0,B,REVIEW,LEGACY,1,bangla,স্লোবার,,,,,,,,draft,REJECT,Bangla is an unsupported transliteration and no definition establishes the meaning.,DATA_REMEDIATION,False,False,False,False,False,False,False,False,False,,,,bangla
77,suppose,https://ovidhan.net/word/suppose.html,True,1,0,0.0,36.0,0,B,REVIEW,LEGACY,1,bangla,ধরুন,,,,,,,,draft,APPROVE,Verified learner-useful Bangla meaning and/or definition; missing optional fields remain absent.,INCLUDE_IN_TREATMENT,False,True,False,False,False,False,False,False,False,,,,none
78,tear,https://ovidhan.net/word/tear.html,True,1,0,0.0,46.0,0,B,REVIEW,LEGACY,1,bangla,টিয়ার,,,,,,,,draft,HUMAN_REVIEW,Transliteration-only answer does not disambiguate the tear/tear homographs.,HUMAN_EDITOR_REVIEW,False,False,False,False,False,False,False,False,False,,,,bangla
79,deficit,https://ovidhan.net/word/deficit.html,True,1,0,0.0,69.0,1,B,REVIEW,LEGACY,1,bangla,ঘাটতি,,,,,,,,draft,APPROVE,Verified learner-useful Bangla meaning and/or definition; missing optional fields remain absent.,INCLUDE_IN_TREATMENT,False,True,False,False,False,False,False,False,False,,,,none
80,stroke,https://ovidhan.net/word/stroke.html,True,1,0,0.0,54.0,1,B,REVIEW,LEGACY,1,bangla,স্ট্রোক,,,,,,,,draft,HUMAN_REVIEW,"Transliteration-only answer does not disambiguate medical, movement, mark, and verb senses.",HUMAN_EDITOR_REVIEW,False,False,False,False,False,False,False,False,False,,,,bangla
81,telescope,https://ovidhan.net/word/telescope.html,True,1,0,0.0,58.0,1,B,REVIEW,LEGACY,1,bangla,টেলিস্কোপ,,,,,,,,draft,APPROVE,Verified learner-useful Bangla meaning and/or definition; missing optional fields remain absent.,INCLUDE_IN_TREATMENT,False,True,False,False,False,False,False,False,False,,,,none
82,shy,https://ovidhan.net/word/shy.html,True,1,0,0.0,87.0,0,B,REVIEW,LEGACY,1,bangla,লাজুক,,,,,,,,draft,APPROVE,Verified learner-useful Bangla meaning and/or definition; missing optional fields remain absent.,INCLUDE_IN_TREATMENT,False,True,False,False,False,False,False,False,False,,,,none
83,manipulate,https://ovidhan.net/word/manipulate.html,True,1,0,0.0,53.0,0,B,REVIEW,LEGACY,1,bangla,ম্যানিপুলেট,,,,,,,,draft,REJECT,Bangla is only an unsupported transliteration and no definition establishes the intended sense.,DATA_REMEDIATION,False,False,False,False,False,False,False,False,False,,,,bangla
84,friction,https://ovidhan.net/word/friction.html,True,1,0,0.0,51.0,0,B,REVIEW,LEGACY,1,bangla,ঘর্ষণ,,,,,,,,draft,APPROVE,Verified learner-useful Bangla meaning and/or definition; missing optional fields remain absent.,INCLUDE_IN_TREATMENT,False,True,False,False,False,False,False,False,False,,,,none
85,mess,https://ovidhan.net/word/mess.html,True,1,0,0.0,62.0,0,B,REVIEW,LEGACY,1,bangla,মেস,,,,,,,,draft,REJECT,Bangla 'মেস' points to a different loanword sense and does not safely represent the primary headword.,DATA_REMEDIATION,False,False,False,False,False,False,False,False,False,,,,bangla
86,offset,https://ovidhan.net/word/offset.html,True,1,0,0.0,92.0,0,B,REVIEW,LEGACY,1,bangla,অফসেট,,,,,,,,draft,HUMAN_REVIEW,Transliteration-only answer does not identify the intended noun/verb/adjective sense.,HUMAN_EDITOR_REVIEW,False,False,False,False,False,False,False,False,False,,,,bangla
87,rant,https://ovidhan.net/word/rant.html,True,1,0,0.0,58.0,0,B,REVIEW,LEGACY,1,bangla,রন্ট,,,,,,,,draft,REJECT,Bangla 'রন্ট' is a suspicious/malformed transliteration with no supporting definition.,DATA_REMEDIATION,False,False,False,False,False,False,False,False,False,,,,bangla
88,reckon,https://ovidhan.net/word/reckon.html,True,1,0,0.0,76.0,0,B,REVIEW,LEGACY,1,bangla,গণনা,,,,,,,,draft,APPROVE,Verified learner-useful Bangla meaning and/or definition; missing optional fields remain absent.,INCLUDE_IN_TREATMENT,False,True,False,False,False,False,False,False,False,,,,none
89,velocity,https://ovidhan.net/word/velocity.html,True,1,0,0.0,70.0,0,B,REVIEW,LEGACY,1,bangla,বেগ,,,,,,,,draft,APPROVE,Verified learner-useful Bangla meaning and/or definition; missing optional fields remain absent.,INCLUDE_IN_TREATMENT,False,True,False,False,False,False,False,False,False,,,,none
90,crunch,https://ovidhan.net/word/crunch.html,True,1,0,0.0,78.0,0,B,REVIEW,LEGACY,1,bangla,ক্রাঞ্চ,,,,,,,,draft,HUMAN_REVIEW,"Transliteration-only answer does not identify the sound, action, or shortage senses.",HUMAN_EDITOR_REVIEW,False,False,False,False,False,False,False,False,False,,,,bangla
91,lash,https://ovidhan.net/word/lash.html,True,1,0,0.0,83.0,0,B,REVIEW,LEGACY,1,bangla,চাবুক,,,,,,,,draft,APPROVE,Verified learner-useful Bangla meaning and/or definition; missing optional fields remain absent.,INCLUDE_IN_TREATMENT,False,True,False,False,False,False,False,False,False,,,,none
92,nest,https://ovidhan.net/word/nest.html,True,1,0,0.0,74.0,0,B,REVIEW,LEGACY,1,bangla,নীড়,,,,,,,,draft,APPROVE,Verified learner-useful Bangla meaning and/or definition; missing optional fields remain absent.,INCLUDE_IN_TREATMENT,False,True,False,False,False,False,False,False,False,,,,none
93,opportune,https://ovidhan.net/word/opportune.html,True,1,0,0.0,57.0,0,B,REVIEW,LEGACY,1,bangla,সুবিধাজনক,,,,,,,,draft,APPROVE,Verified learner-useful Bangla meaning and/or definition; missing optional fields remain absent.,INCLUDE_IN_TREATMENT,False,True,False,False,False,False,False,False,False,,,,none
94,phenomenon,https://ovidhan.net/word/phenomenon.html,True,1,0,0.0,55.0,0,B,REVIEW,LEGACY,1,bangla,ঘটনা,,,,,,,,draft,APPROVE,Verified learner-useful Bangla meaning and/or definition; missing optional fields remain absent.,INCLUDE_IN_TREATMENT,False,True,False,False,False,False,False,False,False,,,,none
95,reassure,https://ovidhan.net/word/reassure.html,True,1,0,0.0,54.0,0,B,REVIEW,LEGACY,1,bangla,আশ্বস্ত করা,,,,,,,,draft,APPROVE,Verified learner-useful Bangla meaning and/or definition; missing optional fields remain absent.,INCLUDE_IN_TREATMENT,False,True,False,False,False,False,False,False,False,,,,none
96,recital,https://ovidhan.net/word/recital.html,True,1,0,0.0,72.0,0,B,REVIEW,LEGACY,1,bangla,আবৃত্তি,,,,,,,,draft,APPROVE,Verified learner-useful Bangla meaning and/or definition; missing optional fields remain absent.,INCLUDE_IN_TREATMENT,False,True,False,False,False,False,False,False,False,,,,none
97,squash,https://ovidhan.net/word/squash.html,True,1,0,0.0,69.0,0,B,REVIEW,LEGACY,1,bangla,স্কোয়াশ,,,,,,,,draft,HUMAN_REVIEW,"Transliteration-only answer is ambiguous among verb, sport, and vegetable senses.",HUMAN_EDITOR_REVIEW,False,False,False,False,False,False,False,False,False,,,,bangla
98,wash,https://ovidhan.net/word/wash.html,True,1,0,0.0,51.0,0,B,REVIEW,LEGACY,1,bangla,ধোয়া,,,,,,,,draft,APPROVE,Verified learner-useful Bangla meaning and/or definition; missing optional fields remain absent.,INCLUDE_IN_TREATMENT,False,True,False,False,False,False,False,False,False,,,,none
99,wipe,https://ovidhan.net/word/wipe.html,True,1,0,0.0,53.0,0,B,REVIEW,LEGACY,1,bangla,মুছা,,,,,,,,draft,APPROVE,Verified learner-useful Bangla meaning and/or definition; missing optional fields remain absent.,INCLUDE_IN_TREATMENT,False,True,False,False,False,False,False,False,False,,,,none
100,withdrawal,https://ovidhan.net/word/withdrawal.html,True,1,0,0.0,82.0,0,B,REVIEW,LEGACY,1,bangla,প্রত্যাহার,,,,,,,,draft,APPROVE,Verified learner-useful Bangla meaning and/or definition; missing optional fields remain absent.,INCLUDE_IN_TREATMENT,False,True,False,False,False,False,False,False,False,,,,none
