query,category,recurring_template,BD_CLICKS,BD_IMPRESSIONS,BD_CTR,BD_POSITION,metric_scope
ovidhan,BRANDED_OVIDHAN,OTHER,10,60,0.16670000000000001,2.82,BANGLADESH-FILTERED GSC
preposition rules bangla,GRAMMAR,OTHER,1,7,0.1429,10.86,BANGLADESH-FILTERED GSC
walmart meaning in bengali,ENGLISH_TO_BANGLA_WORD_MEANING,<word> meaning in bengali,1,5,0.2,6.2,BANGLADESH-FILTERED GSC
trade off meaning in bengali,ENGLISH_TO_BANGLA_WORD_MEANING,<word> meaning in bengali,1,1,1.0,14.0,BANGLADESH-FILTERED GSC
english to bangla dictionary,ENGLISH_TO_BANGLA_DICTIONARY,english to bangla dictionary,1,1,1.0,61.0,BANGLADESH-FILTERED GSC
unconventional meaning in bengali,ENGLISH_TO_BANGLA_WORD_MEANING,<word> meaning in bengali,0,34,0.0,9.91,BANGLADESH-FILTERED GSC
slytherin meaning in bengali,ENGLISH_TO_BANGLA_WORD_MEANING,<word> meaning in bengali,0,9,0.0,7.11,BANGLADESH-FILTERED GSC
shards meaning in bengali,ENGLISH_TO_BANGLA_WORD_MEANING,<word> meaning in bengali,0,9,0.0,10.44,BANGLADESH-FILTERED GSC
underwhelming meaning in bengali,ENGLISH_TO_BANGLA_WORD_MEANING,<word> meaning in bengali,0,8,0.0,7.75,BANGLADESH-FILTERED GSC
moreno meaning in bengali,ENGLISH_TO_BANGLA_WORD_MEANING,<word> meaning in bengali,0,8,0.0,10.38,BANGLADESH-FILTERED GSC
reinvent meaning in bengali,ENGLISH_TO_BANGLA_WORD_MEANING,<word> meaning in bengali,0,8,0.0,11.25,BANGLADESH-FILTERED GSC
outta meaning in bengali,ENGLISH_TO_BANGLA_WORD_MEANING,<word> meaning in bengali,0,8,0.0,11.5,BANGLADESH-FILTERED GSC
sephora meaning in bengali,ENGLISH_TO_BANGLA_WORD_MEANING,<word> meaning in bengali,0,7,0.0,5.14,BANGLADESH-FILTERED GSC
luther you meaning in bengali,ENGLISH_TO_BANGLA_WORD_MEANING,<word> meaning in bengali,0,7,0.0,8.71,BANGLADESH-FILTERED GSC
watched এর বাংলা উচ্চারণ,UNRELATED_OR_AMBIGUOUS,OTHER,0,7,0.0,11.71,BANGLADESH-FILTERED GSC
skew meaning in bengali,ENGLISH_TO_BANGLA_WORD_MEANING,<word> meaning in bengali,0,7,0.0,58.43,BANGLADESH-FILTERED GSC
princeton meaning in bengali,ENGLISH_TO_BANGLA_WORD_MEANING,<word> meaning in bengali,0,6,0.0,6.17,BANGLADESH-FILTERED GSC
ronin meaning in bengali,ENGLISH_TO_BANGLA_WORD_MEANING,<word> meaning in bengali,0,6,0.0,6.17,BANGLADESH-FILTERED GSC
barbaric meaning in bengali,ENGLISH_TO_BANGLA_WORD_MEANING,<word> meaning in bengali,0,6,0.0,9.5,BANGLADESH-FILTERED GSC
punchy meaning in bengali,ENGLISH_TO_BANGLA_WORD_MEANING,<word> meaning in bengali,0,6,0.0,9.5,BANGLADESH-FILTERED GSC
renegotiate meaning in bengali,ENGLISH_TO_BANGLA_WORD_MEANING,<word> meaning in bengali,0,6,0.0,11.33,BANGLADESH-FILTERED GSC
shenanigans meaning in bengali,ENGLISH_TO_BANGLA_WORD_MEANING,<word> meaning in bengali,0,6,0.0,11.5,BANGLADESH-FILTERED GSC
in totality meaning in bengali,ENGLISH_TO_BANGLA_WORD_MEANING,<word> meaning in bengali,0,6,0.0,11.83,BANGLADESH-FILTERED GSC
shouting এর বাংলা উচ্চারণ,UNRELATED_OR_AMBIGUOUS,OTHER,0,6,0.0,12.0,BANGLADESH-FILTERED GSC
preposition rules in bangla,GRAMMAR,OTHER,0,5,0.0,8.6,BANGLADESH-FILTERED GSC
retro meaning in bengali,ENGLISH_TO_BANGLA_WORD_MEANING,<word> meaning in bengali,0,5,0.0,10.2,BANGLADESH-FILTERED GSC
ver meaning in bengali,ENGLISH_TO_BANGLA_WORD_MEANING,<word> meaning in bengali,0,5,0.0,10.4,BANGLADESH-FILTERED GSC
outlast meaning in bengali,ENGLISH_TO_BANGLA_WORD_MEANING,<word> meaning in bengali,0,5,0.0,11.0,BANGLADESH-FILTERED GSC
unstoppable meaning in bengali,ENGLISH_TO_BANGLA_WORD_MEANING,<word> meaning in bengali,0,5,0.0,11.6,BANGLADESH-FILTERED GSC
smoothing meaning in bengali,ENGLISH_TO_BANGLA_WORD_MEANING,<word> meaning in bengali,0,5,0.0,53.4,BANGLADESH-FILTERED GSC
sorta meaning in bengali,ENGLISH_TO_BANGLA_WORD_MEANING,<word> meaning in bengali,0,4,0.0,6.0,BANGLADESH-FILTERED GSC
bcs vocabulary,BCS,OTHER,0,4,0.0,6.75,BANGLADESH-FILTERED GSC
phat meaning in bengali,ENGLISH_TO_BANGLA_WORD_MEANING,<word> meaning in bengali,0,4,0.0,9.0,BANGLADESH-FILTERED GSC
outright meaning in bengali,ENGLISH_TO_BANGLA_WORD_MEANING,<word> meaning in bengali,0,4,0.0,10.75,BANGLADESH-FILTERED GSC
sweetest meaning in bengali,ENGLISH_TO_BANGLA_WORD_MEANING,<word> meaning in bengali,0,4,0.0,11.75,BANGLADESH-FILTERED GSC
net worth meaning in bengali,ENGLISH_TO_BANGLA_WORD_MEANING,<word> meaning in bengali,0,4,0.0,12.0,BANGLADESH-FILTERED GSC
unwavering meaning in bengali,ENGLISH_TO_BANGLA_WORD_MEANING,<word> meaning in bengali,0,4,0.0,36.0,BANGLADESH-FILTERED GSC
shopkeeper meaning in bengali,ENGLISH_TO_BANGLA_WORD_MEANING,<word> meaning in bengali,0,4,0.0,56.0,BANGLADESH-FILTERED GSC
manpower,UNRELATED_OR_AMBIGUOUS,OTHER,0,4,0.0,71.5,BANGLADESH-FILTERED GSC
mash,UNRELATED_OR_AMBIGUOUS,OTHER,0,4,0.0,79.75,BANGLADESH-FILTERED GSC
catwoman meaning in bengali,ENGLISH_TO_BANGLA_WORD_MEANING,<word> meaning in bengali,0,3,0.0,3.67,BANGLADESH-FILTERED GSC
ankara meaning bangla,UNRELATED_OR_AMBIGUOUS,OTHER,0,3,0.0,8.33,BANGLADESH-FILTERED GSC
wherewithal meaning in bengali,ENGLISH_TO_BANGLA_WORD_MEANING,<word> meaning in bengali,0,3,0.0,8.33,BANGLADESH-FILTERED GSC
preposition rules বাংলা,GRAMMAR,OTHER,0,3,0.0,8.67,BANGLADESH-FILTERED GSC
yangtze meaning in bengali,ENGLISH_TO_BANGLA_WORD_MEANING,<word> meaning in bengali,0,3,0.0,10.67,BANGLADESH-FILTERED GSC
horrendous meaning in bengali,ENGLISH_TO_BANGLA_WORD_MEANING,<word> meaning in bengali,0,3,0.0,11.0,BANGLADESH-FILTERED GSC
unflinching meaning in bengali,ENGLISH_TO_BANGLA_WORD_MEANING,<word> meaning in bengali,0,3,0.0,12.67,BANGLADESH-FILTERED GSC
predetermined meaning in bengali,ENGLISH_TO_BANGLA_WORD_MEANING,<word> meaning in bengali,0,3,0.0,20.67,BANGLADESH-FILTERED GSC
quirky meaning in bengali,ENGLISH_TO_BANGLA_WORD_MEANING,<word> meaning in bengali,0,3,0.0,21.33,BANGLADESH-FILTERED GSC
specificity meaning in bengali,ENGLISH_TO_BANGLA_WORD_MEANING,<word> meaning in bengali,0,3,0.0,24.33,BANGLADESH-FILTERED GSC
stroll meaning in bengali,ENGLISH_TO_BANGLA_WORD_MEANING,<word> meaning in bengali,0,3,0.0,24.67,BANGLADESH-FILTERED GSC
tampons meaning in bengali,ENGLISH_TO_BANGLA_WORD_MEANING,<word> meaning in bengali,0,3,0.0,28.33,BANGLADESH-FILTERED GSC
smoothness meaning in bengali,ENGLISH_TO_BANGLA_WORD_MEANING,<word> meaning in bengali,0,3,0.0,28.67,BANGLADESH-FILTERED GSC
dictionary english to bangla,ENGLISH_TO_BANGLA_DICTIONARY,OTHER,0,3,0.0,31.0,BANGLADESH-FILTERED GSC
অভিধান,UNRELATED_OR_AMBIGUOUS,OTHER,0,3,0.0,48.33,BANGLADESH-FILTERED GSC
lean bengali meaning,ENGLISH_TO_BANGLA_WORD_MEANING,OTHER,0,3,0.0,51.0,BANGLADESH-FILTERED GSC
unilever,UNRELATED_OR_AMBIGUOUS,OTHER,0,3,0.0,60.33,BANGLADESH-FILTERED GSC
soft and slow meaning in bengali,ENGLISH_TO_BANGLA_WORD_MEANING,<word> meaning in bengali,0,3,0.0,65.0,BANGLADESH-FILTERED GSC
spelling bangla meaning,ENGLISH_TO_BANGLA_WORD_MEANING,OTHER,0,3,0.0,76.0,BANGLADESH-FILTERED GSC
melo meaning in bengali,ENGLISH_TO_BANGLA_WORD_MEANING,<word> meaning in bengali,0,2,0.0,7.5,BANGLADESH-FILTERED GSC
riverdale meaning in bengali,ENGLISH_TO_BANGLA_WORD_MEANING,<word> meaning in bengali,0,2,0.0,7.5,BANGLADESH-FILTERED GSC
policymakers meaning in bengali,ENGLISH_TO_BANGLA_WORD_MEANING,<word> meaning in bengali,0,2,0.0,8.0,BANGLADESH-FILTERED GSC
airpods meaning in bengali,ENGLISH_TO_BANGLA_WORD_MEANING,<word> meaning in bengali,0,2,0.0,8.5,BANGLADESH-FILTERED GSC
rebrand meaning in bengali,ENGLISH_TO_BANGLA_WORD_MEANING,<word> meaning in bengali,0,2,0.0,8.5,BANGLADESH-FILTERED GSC
accept and except meaning in bengali,ENGLISH_TO_BANGLA_WORD_MEANING,<word> meaning in bengali,0,2,0.0,9.0,BANGLADESH-FILTERED GSC
calcareous meaning in bengali,ENGLISH_TO_BANGLA_WORD_MEANING,<word> meaning in bengali,0,2,0.0,9.0,BANGLADESH-FILTERED GSC
meanest meaning in bengali,ENGLISH_TO_BANGLA_WORD_MEANING,<word> meaning in bengali,0,2,0.0,9.0,BANGLADESH-FILTERED GSC
redirect notice meaning in bengali,ENGLISH_TO_BANGLA_WORD_MEANING,<word> meaning in bengali,0,2,0.0,9.0,BANGLADESH-FILTERED GSC
preposition rules in bangla with examples,GRAMMAR,OTHER,0,2,0.0,9.5,BANGLADESH-FILTERED GSC
cliffhanger meaning in bengali,ENGLISH_TO_BANGLA_WORD_MEANING,<word> meaning in bengali,0,2,0.0,10.0,BANGLADESH-FILTERED GSC
slavic meaning in bengali,ENGLISH_TO_BANGLA_WORD_MEANING,<word> meaning in bengali,0,2,0.0,11.0,BANGLADESH-FILTERED GSC
tailgating meaning in bengali,ENGLISH_TO_BANGLA_WORD_MEANING,<word> meaning in bengali,0,2,0.0,11.5,BANGLADESH-FILTERED GSC
comparatively meaning in bengali,ENGLISH_TO_BANGLA_WORD_MEANING,<word> meaning in bengali,0,2,0.0,12.0,BANGLADESH-FILTERED GSC
pitfalls meaning in bengali,ENGLISH_TO_BANGLA_WORD_MEANING,<word> meaning in bengali,0,2,0.0,12.0,BANGLADESH-FILTERED GSC
sleazy meaning in bengali,ENGLISH_TO_BANGLA_WORD_MEANING,<word> meaning in bengali,0,2,0.0,12.0,BANGLADESH-FILTERED GSC
offender meaning in bengali,ENGLISH_TO_BANGLA_WORD_MEANING,<word> meaning in bengali,0,2,0.0,18.5,BANGLADESH-FILTERED GSC
venturing meaning in bengali,ENGLISH_TO_BANGLA_WORD_MEANING,<word> meaning in bengali,0,2,0.0,21.0,BANGLADESH-FILTERED GSC
legible meaning in bengali,ENGLISH_TO_BANGLA_WORD_MEANING,<word> meaning in bengali,0,2,0.0,24.0,BANGLADESH-FILTERED GSC
10000 verb forms pdf with bangla meaning,ENGLISH_TO_BANGLA_WORD_MEANING,OTHER,0,2,0.0,27.0,BANGLADESH-FILTERED GSC
bcs vocabulary pdf,BCS,OTHER,0,2,0.0,29.5,BANGLADESH-FILTERED GSC
lentils meaning in bengali,ENGLISH_TO_BANGLA_WORD_MEANING,<word> meaning in bengali,0,2,0.0,30.0,BANGLADESH-FILTERED GSC
roommate meaning in bengali,ENGLISH_TO_BANGLA_WORD_MEANING,<word> meaning in bengali,0,2,0.0,30.5,BANGLADESH-FILTERED GSC
perimeter meaning in bengali,ENGLISH_TO_BANGLA_WORD_MEANING,<word> meaning in bengali,0,2,0.0,32.5,BANGLADESH-FILTERED GSC
solicitor meaning in bengali,ENGLISH_TO_BANGLA_WORD_MEANING,<word> meaning in bengali,0,2,0.0,32.5,BANGLADESH-FILTERED GSC
meme meaning in bengali,ENGLISH_TO_BANGLA_WORD_MEANING,<word> meaning in bengali,0,2,0.0,36.0,BANGLADESH-FILTERED GSC
overshadow meaning in bengali,ENGLISH_TO_BANGLA_WORD_MEANING,<word> meaning in bengali,0,2,0.0,36.0,BANGLADESH-FILTERED GSC
stroller meaning in bengali,ENGLISH_TO_BANGLA_WORD_MEANING,<word> meaning in bengali,0,2,0.0,36.5,BANGLADESH-FILTERED GSC
tension bangla meaning,ENGLISH_TO_BANGLA_WORD_MEANING,OTHER,0,2,0.0,37.0,BANGLADESH-FILTERED GSC
parsley meaning in bengali,ENGLISH_TO_BANGLA_WORD_MEANING,<word> meaning in bengali,0,2,0.0,40.0,BANGLADESH-FILTERED GSC
counselling meaning in bengali,ENGLISH_TO_BANGLA_WORD_MEANING,<word> meaning in bengali,0,2,0.0,41.0,BANGLADESH-FILTERED GSC
salazar,UNRELATED_OR_AMBIGUOUS,OTHER,0,2,0.0,42.0,BANGLADESH-FILTERED GSC
magenta meaning in bengali,ENGLISH_TO_BANGLA_WORD_MEANING,<word> meaning in bengali,0,2,0.0,42.5,BANGLADESH-FILTERED GSC
tram meaning in bengali,ENGLISH_TO_BANGLA_WORD_MEANING,<word> meaning in bengali,0,2,0.0,42.5,BANGLADESH-FILTERED GSC
trid meaning in bengali,ENGLISH_TO_BANGLA_WORD_MEANING,<word> meaning in bengali,0,2,0.0,43.0,BANGLADESH-FILTERED GSC
reverie meaning in bengali,ENGLISH_TO_BANGLA_WORD_MEANING,<word> meaning in bengali,0,2,0.0,44.5,BANGLADESH-FILTERED GSC
sink,UNRELATED_OR_AMBIGUOUS,OTHER,0,2,0.0,47.5,BANGLADESH-FILTERED GSC
weaned meaning in bengali,ENGLISH_TO_BANGLA_WORD_MEANING,<word> meaning in bengali,0,2,0.0,48.5,BANGLADESH-FILTERED GSC
motivation meaning bangla,UNRELATED_OR_AMBIGUOUS,OTHER,0,2,0.0,50.0,BANGLADESH-FILTERED GSC
restrained meaning in bengali,ENGLISH_TO_BANGLA_WORD_MEANING,<word> meaning in bengali,0,2,0.0,50.5,BANGLADESH-FILTERED GSC
wide meaning in bengali,ENGLISH_TO_BANGLA_WORD_MEANING,<word> meaning in bengali,0,2,0.0,51.5,BANGLADESH-FILTERED GSC
presumptuous meaning in bengali,ENGLISH_TO_BANGLA_WORD_MEANING,<word> meaning in bengali,0,2,0.0,52.0,BANGLADESH-FILTERED GSC
straight বাংলা উচ্চারণ,UNRELATED_OR_AMBIGUOUS,OTHER,0,2,0.0,52.0,BANGLADESH-FILTERED GSC
tranquil meaning in bengali,ENGLISH_TO_BANGLA_WORD_MEANING,<word> meaning in bengali,0,2,0.0,52.0,BANGLADESH-FILTERED GSC
writs meaning in bengali,ENGLISH_TO_BANGLA_WORD_MEANING,<word> meaning in bengali,0,2,0.0,52.5,BANGLADESH-FILTERED GSC
swiggy meaning in bengali,ENGLISH_TO_BANGLA_WORD_MEANING,<word> meaning in bengali,0,2,0.0,56.0,BANGLADESH-FILTERED GSC
sneezed meaning in bengali,ENGLISH_TO_BANGLA_WORD_MEANING,<word> meaning in bengali,0,2,0.0,56.5,BANGLADESH-FILTERED GSC
hoard meaning in bengali,ENGLISH_TO_BANGLA_WORD_MEANING,<word> meaning in bengali,0,2,0.0,57.0,BANGLADESH-FILTERED GSC
mosses meaning in bengali,ENGLISH_TO_BANGLA_WORD_MEANING,<word> meaning in bengali,0,2,0.0,57.0,BANGLADESH-FILTERED GSC
panicked meaning in bengali,ENGLISH_TO_BANGLA_WORD_MEANING,<word> meaning in bengali,0,2,0.0,57.5,BANGLADESH-FILTERED GSC
proprietor bangla,UNRELATED_OR_AMBIGUOUS,OTHER,0,2,0.0,59.0,BANGLADESH-FILTERED GSC
thyroid meaning in bengali,ENGLISH_TO_BANGLA_WORD_MEANING,<word> meaning in bengali,0,2,0.0,59.0,BANGLADESH-FILTERED GSC
omitted definition,UNRELATED_OR_AMBIGUOUS,OTHER,0,2,0.0,62.0,BANGLADESH-FILTERED GSC
soya meaning in bengali,ENGLISH_TO_BANGLA_WORD_MEANING,<word> meaning in bengali,0,2,0.0,62.5,BANGLADESH-FILTERED GSC
vp মানে কি,UNRELATED_OR_AMBIGUOUS,OTHER,0,2,0.0,66.5,BANGLADESH-FILTERED GSC
bub,UNRELATED_OR_AMBIGUOUS,OTHER,0,2,0.0,67.0,BANGLADESH-FILTERED GSC
quantum,UNRELATED_OR_AMBIGUOUS,OTHER,0,2,0.0,68.0,BANGLADESH-FILTERED GSC
প্রভিশন কি,UNRELATED_OR_AMBIGUOUS,OTHER,0,2,0.0,68.0,BANGLADESH-FILTERED GSC
mosquito meaning in bengali,ENGLISH_TO_BANGLA_WORD_MEANING,<word> meaning in bengali,0,2,0.0,70.0,BANGLADESH-FILTERED GSC
vanish,UNRELATED_OR_AMBIGUOUS,OTHER,0,2,0.0,70.0,BANGLADESH-FILTERED GSC
receptionist,UNRELATED_OR_AMBIGUOUS,OTHER,0,2,0.0,71.5,BANGLADESH-FILTERED GSC
nuggets,UNRELATED_OR_AMBIGUOUS,OTHER,0,2,0.0,72.5,BANGLADESH-FILTERED GSC
quran meaning in bengali,ENGLISH_TO_BANGLA_WORD_MEANING,<word> meaning in bengali,0,2,0.0,73.5,BANGLADESH-FILTERED GSC
solicitor,UNRELATED_OR_AMBIGUOUS,OTHER,0,2,0.0,83.0,BANGLADESH-FILTERED GSC
reverie,UNRELATED_OR_AMBIGUOUS,OTHER,0,2,0.0,86.0,BANGLADESH-FILTERED GSC
bangla ovidhan,BRANDED_OVIDHAN,OTHER,0,1,0.0,3.0,BANGLADESH-FILTERED GSC
manninfs,UNRELATED_OR_AMBIGUOUS,OTHER,0,1,0.0,4.0,BANGLADESH-FILTERED GSC
"""of course! what do you need help with?""",UNRELATED_OR_AMBIGUOUS,OTHER,0,1,0.0,5.0,BANGLADESH-FILTERED GSC
ankara meaning in bangla,ENGLISH_TO_BANGLA_WORD_MEANING,<word> meaning in bangla,0,1,0.0,7.0,BANGLADESH-FILTERED GSC
bcs question pattern,BCS,OTHER,0,1,0.0,7.0,BANGLADESH-FILTERED GSC
dickinson meaning in bengali,ENGLISH_TO_BANGLA_WORD_MEANING,<word> meaning in bengali,0,1,0.0,7.0,BANGLADESH-FILTERED GSC
kinder meaning in bengali,ENGLISH_TO_BANGLA_WORD_MEANING,<word> meaning in bengali,0,1,0.0,7.0,BANGLADESH-FILTERED GSC
tafe meaning in bengali,ENGLISH_TO_BANGLA_WORD_MEANING,<word> meaning in bengali,0,1,0.0,7.0,BANGLADESH-FILTERED GSC
terence meaning in bengali,ENGLISH_TO_BANGLA_WORD_MEANING,<word> meaning in bengali,0,1,0.0,7.0,BANGLADESH-FILTERED GSC
aptly meaning in bengali,ENGLISH_TO_BANGLA_WORD_MEANING,<word> meaning in bengali,0,1,0.0,8.0,BANGLADESH-FILTERED GSC
habs meaning in bengali,ENGLISH_TO_BANGLA_WORD_MEANING,<word> meaning in bengali,0,1,0.0,8.0,BANGLADESH-FILTERED GSC
hosted meaning in bengali,ENGLISH_TO_BANGLA_WORD_MEANING,<word> meaning in bengali,0,1,0.0,8.0,BANGLADESH-FILTERED GSC
parts of speech finder,GRAMMAR,OTHER,0,1,0.0,8.0,BANGLADESH-FILTERED GSC
valkyrie meaning in bengali,ENGLISH_TO_BANGLA_WORD_MEANING,<word> meaning in bengali,0,1,0.0,8.0,BANGLADESH-FILTERED GSC
wordy meaning in bengali,ENGLISH_TO_BANGLA_WORD_MEANING,<word> meaning in bengali,0,1,0.0,8.0,BANGLADESH-FILTERED GSC
johannesburg meaning in bengali,ENGLISH_TO_BANGLA_WORD_MEANING,<word> meaning in bengali,0,1,0.0,9.0,BANGLADESH-FILTERED GSC
sinuous meaning in bengali,ENGLISH_TO_BANGLA_WORD_MEANING,<word> meaning in bengali,0,1,0.0,9.0,BANGLADESH-FILTERED GSC
soho meaning in bengali,ENGLISH_TO_BANGLA_WORD_MEANING,<word> meaning in bengali,0,1,0.0,9.0,BANGLADESH-FILTERED GSC
tae meaning in bengali,ENGLISH_TO_BANGLA_WORD_MEANING,<word> meaning in bengali,0,1,0.0,9.0,BANGLADESH-FILTERED GSC
torres meaning in bengali,ENGLISH_TO_BANGLA_WORD_MEANING,<word> meaning in bengali,0,1,0.0,9.0,BANGLADESH-FILTERED GSC
warner meaning in bengali,ENGLISH_TO_BANGLA_WORD_MEANING,<word> meaning in bengali,0,1,0.0,9.0,BANGLADESH-FILTERED GSC
bloodbath meaning in bengali,ENGLISH_TO_BANGLA_WORD_MEANING,<word> meaning in bengali,0,1,0.0,10.0,BANGLADESH-FILTERED GSC
faggot meaning in bangla,ENGLISH_TO_BANGLA_WORD_MEANING,<word> meaning in bangla,0,1,0.0,10.0,BANGLADESH-FILTERED GSC
fullest meaning in bengali,ENGLISH_TO_BANGLA_WORD_MEANING,<word> meaning in bengali,0,1,0.0,10.0,BANGLADESH-FILTERED GSC
lunatic meaning in bengali,ENGLISH_TO_BANGLA_WORD_MEANING,<word> meaning in bengali,0,1,0.0,10.0,BANGLADESH-FILTERED GSC
mishandling meaning in bengali,ENGLISH_TO_BANGLA_WORD_MEANING,<word> meaning in bengali,0,1,0.0,10.0,BANGLADESH-FILTERED GSC
overland meaning in bengali,ENGLISH_TO_BANGLA_WORD_MEANING,<word> meaning in bengali,0,1,0.0,10.0,BANGLADESH-FILTERED GSC
raunchy meaning in bengali,ENGLISH_TO_BANGLA_WORD_MEANING,<word> meaning in bengali,0,1,0.0,10.0,BANGLADESH-FILTERED GSC
redacted meaning in bengali,ENGLISH_TO_BANGLA_WORD_MEANING,<word> meaning in bengali,0,1,0.0,10.0,BANGLADESH-FILTERED GSC
shenanigans meaning in bengali with example,ENGLISH_TO_BANGLA_WORD_MEANING,OTHER,0,1,0.0,10.0,BANGLADESH-FILTERED GSC
sweepstakes meaning in bengali,ENGLISH_TO_BANGLA_WORD_MEANING,<word> meaning in bengali,0,1,0.0,10.0,BANGLADESH-FILTERED GSC
totality meaning in bengali,ENGLISH_TO_BANGLA_WORD_MEANING,<word> meaning in bengali,0,1,0.0,10.0,BANGLADESH-FILTERED GSC
valencia meaning in bengali,ENGLISH_TO_BANGLA_WORD_MEANING,<word> meaning in bengali,0,1,0.0,10.0,BANGLADESH-FILTERED GSC
whomever meaning in bengali,ENGLISH_TO_BANGLA_WORD_MEANING,<word> meaning in bengali,0,1,0.0,10.0,BANGLADESH-FILTERED GSC
alarmingly meaning in bangla,ENGLISH_TO_BANGLA_WORD_MEANING,<word> meaning in bangla,0,1,0.0,11.0,BANGLADESH-FILTERED GSC
crosshair meaning in bengali,ENGLISH_TO_BANGLA_WORD_MEANING,<word> meaning in bengali,0,1,0.0,11.0,BANGLADESH-FILTERED GSC
integration meaning in bengali,ENGLISH_TO_BANGLA_WORD_MEANING,<word> meaning in bengali,0,1,0.0,11.0,BANGLADESH-FILTERED GSC
loopholes meaning in bengali,ENGLISH_TO_BANGLA_WORD_MEANING,<word> meaning in bengali,0,1,0.0,11.0,BANGLADESH-FILTERED GSC
mayhem meaning in bengali,ENGLISH_TO_BANGLA_WORD_MEANING,<word> meaning in bengali,0,1,0.0,11.0,BANGLADESH-FILTERED GSC
mercantile meaning in bengali,ENGLISH_TO_BANGLA_WORD_MEANING,<word> meaning in bengali,0,1,0.0,11.0,BANGLADESH-FILTERED GSC
permanence meaning in bengali,ENGLISH_TO_BANGLA_WORD_MEANING,<word> meaning in bengali,0,1,0.0,11.0,BANGLADESH-FILTERED GSC
pers meaning in bengali,ENGLISH_TO_BANGLA_WORD_MEANING,<word> meaning in bengali,0,1,0.0,11.0,BANGLADESH-FILTERED GSC
proprietary meaning in bengali,ENGLISH_TO_BANGLA_WORD_MEANING,<word> meaning in bengali,0,1,0.0,11.0,BANGLADESH-FILTERED GSC
railway বাংলা উচ্চারণ,UNRELATED_OR_AMBIGUOUS,OTHER,0,1,0.0,11.0,BANGLADESH-FILTERED GSC
solidity meaning in bengali,ENGLISH_TO_BANGLA_WORD_MEANING,<word> meaning in bengali,0,1,0.0,11.0,BANGLADESH-FILTERED GSC
unconventional,UNRELATED_OR_AMBIGUOUS,OTHER,0,1,0.0,11.0,BANGLADESH-FILTERED GSC
integration bangla,UNRELATED_OR_AMBIGUOUS,OTHER,0,1,0.0,12.0,BANGLADESH-FILTERED GSC
launchpad meaning in bengali,ENGLISH_TO_BANGLA_WORD_MEANING,<word> meaning in bengali,0,1,0.0,12.0,BANGLADESH-FILTERED GSC
oversee meaning in bengali,ENGLISH_TO_BANGLA_WORD_MEANING,<word> meaning in bengali,0,1,0.0,12.0,BANGLADESH-FILTERED GSC
railway এর বাংলা উচ্চারণ,UNRELATED_OR_AMBIGUOUS,OTHER,0,1,0.0,12.0,BANGLADESH-FILTERED GSC
ravioli meaning in bengali,ENGLISH_TO_BANGLA_WORD_MEANING,<word> meaning in bengali,0,1,0.0,12.0,BANGLADESH-FILTERED GSC
ruckus meaning in bengali,ENGLISH_TO_BANGLA_WORD_MEANING,<word> meaning in bengali,0,1,0.0,12.0,BANGLADESH-FILTERED GSC
springboard meaning in bengali,ENGLISH_TO_BANGLA_WORD_MEANING,<word> meaning in bengali,0,1,0.0,12.0,BANGLADESH-FILTERED GSC
tester meaning in bengali,ENGLISH_TO_BANGLA_WORD_MEANING,<word> meaning in bengali,0,1,0.0,12.0,BANGLADESH-FILTERED GSC
tiring meaning in bengali,ENGLISH_TO_BANGLA_WORD_MEANING,<word> meaning in bengali,0,1,0.0,12.0,BANGLADESH-FILTERED GSC
unattainable meaning in bengali,ENGLISH_TO_BANGLA_WORD_MEANING,<word> meaning in bengali,0,1,0.0,12.0,BANGLADESH-FILTERED GSC
wildfires meaning in bengali,ENGLISH_TO_BANGLA_WORD_MEANING,<word> meaning in bengali,0,1,0.0,12.0,BANGLADESH-FILTERED GSC
pernicious meaning in bengali,ENGLISH_TO_BANGLA_WORD_MEANING,<word> meaning in bengali,0,1,0.0,13.0,BANGLADESH-FILTERED GSC
reproductive meaning in bengali,ENGLISH_TO_BANGLA_WORD_MEANING,<word> meaning in bengali,0,1,0.0,13.0,BANGLADESH-FILTERED GSC
serenade meaning in bengali,ENGLISH_TO_BANGLA_WORD_MEANING,<word> meaning in bengali,0,1,0.0,13.0,BANGLADESH-FILTERED GSC
chargers.,UNRELATED_OR_AMBIGUOUS,OTHER,0,1,0.0,14.0,BANGLADESH-FILTERED GSC
euphoria meaning in bengali,ENGLISH_TO_BANGLA_WORD_MEANING,<word> meaning in bengali,0,1,0.0,15.0,BANGLADESH-FILTERED GSC
acr meaning in bengali,ENGLISH_TO_BANGLA_WORD_MEANING,<word> meaning in bengali,0,1,0.0,16.0,BANGLADESH-FILTERED GSC
rod,UNRELATED_OR_AMBIGUOUS,OTHER,0,1,0.0,16.0,BANGLADESH-FILTERED GSC
scion meaning in bengali,ENGLISH_TO_BANGLA_WORD_MEANING,<word> meaning in bengali,0,1,0.0,16.0,BANGLADESH-FILTERED GSC
waist meaning bangla,UNRELATED_OR_AMBIGUOUS,OTHER,0,1,0.0,16.0,BANGLADESH-FILTERED GSC
wavelength meaning in bengali,ENGLISH_TO_BANGLA_WORD_MEANING,<word> meaning in bengali,0,1,0.0,16.0,BANGLADESH-FILTERED GSC
weird bangla meaning,ENGLISH_TO_BANGLA_WORD_MEANING,OTHER,0,1,0.0,16.0,BANGLADESH-FILTERED GSC
wellcome অর্থ কি,ENGLISH_TO_BANGLA_WORD_MEANING,OTHER,0,1,0.0,16.0,BANGLADESH-FILTERED GSC
wheelchair meaning in bengali,ENGLISH_TO_BANGLA_WORD_MEANING,<word> meaning in bengali,0,1,0.0,16.0,BANGLADESH-FILTERED GSC
wingman meaning in bengali,ENGLISH_TO_BANGLA_WORD_MEANING,<word> meaning in bengali,0,1,0.0,16.0,BANGLADESH-FILTERED GSC
shattered meaning in bengali,ENGLISH_TO_BANGLA_WORD_MEANING,<word> meaning in bengali,0,1,0.0,17.0,BANGLADESH-FILTERED GSC
premises meaning in bengali,ENGLISH_TO_BANGLA_WORD_MEANING,<word> meaning in bengali,0,1,0.0,18.0,BANGLADESH-FILTERED GSC
referring meaning in bengali,ENGLISH_TO_BANGLA_WORD_MEANING,<word> meaning in bengali,0,1,0.0,18.0,BANGLADESH-FILTERED GSC
street মানে কি,UNRELATED_OR_AMBIGUOUS,OTHER,0,1,0.0,18.0,BANGLADESH-FILTERED GSC
ugly এর বাংলা অর্থ কি,ENGLISH_TO_BANGLA_WORD_MEANING,OTHER,0,1,0.0,18.0,BANGLADESH-FILTERED GSC
unfavorable meaning in bengali,ENGLISH_TO_BANGLA_WORD_MEANING,<word> meaning in bengali,0,1,0.0,18.0,BANGLADESH-FILTERED GSC
would not meaning in bengali,ENGLISH_TO_BANGLA_WORD_MEANING,<word> meaning in bengali,0,1,0.0,18.0,BANGLADESH-FILTERED GSC
yak অর্থ কি,ENGLISH_TO_BANGLA_WORD_MEANING,OTHER,0,1,0.0,18.0,BANGLADESH-FILTERED GSC
labour meaning bangla,UNRELATED_OR_AMBIGUOUS,OTHER,0,1,0.0,19.0,BANGLADESH-FILTERED GSC
pose meaning in bengali,ENGLISH_TO_BANGLA_WORD_MEANING,<word> meaning in bengali,0,1,0.0,19.0,BANGLADESH-FILTERED GSC
procure meaning in bengali,ENGLISH_TO_BANGLA_WORD_MEANING,<word> meaning in bengali,0,1,0.0,19.0,BANGLADESH-FILTERED GSC
succession meaning in bengali,ENGLISH_TO_BANGLA_WORD_MEANING,<word> meaning in bengali,0,1,0.0,19.0,BANGLADESH-FILTERED GSC
thyme in bengali,UNRELATED_OR_AMBIGUOUS,OTHER,0,1,0.0,19.0,BANGLADESH-FILTERED GSC
tires meaning in bengali,ENGLISH_TO_BANGLA_WORD_MEANING,<word> meaning in bengali,0,1,0.0,19.0,BANGLADESH-FILTERED GSC
vibes অর্থ কি,ENGLISH_TO_BANGLA_WORD_MEANING,OTHER,0,1,0.0,19.0,BANGLADESH-FILTERED GSC
voicing meaning in bengali,ENGLISH_TO_BANGLA_WORD_MEANING,<word> meaning in bengali,0,1,0.0,19.0,BANGLADESH-FILTERED GSC
amt in english,UNRELATED_OR_AMBIGUOUS,OTHER,0,1,0.0,20.0,BANGLADESH-FILTERED GSC
reasonate,UNRELATED_OR_AMBIGUOUS,OTHER,0,1,0.0,20.0,BANGLADESH-FILTERED GSC
unity অর্থ কি,ENGLISH_TO_BANGLA_WORD_MEANING,OTHER,0,1,0.0,20.0,BANGLADESH-FILTERED GSC
in a nutshell meaning in bengali,ENGLISH_TO_BANGLA_WORD_MEANING,<word> meaning in bengali,0,1,0.0,21.0,BANGLADESH-FILTERED GSC
meddling meaning in bengali,ENGLISH_TO_BANGLA_WORD_MEANING,<word> meaning in bengali,0,1,0.0,21.0,BANGLADESH-FILTERED GSC
parochialism meaning in bengali,ENGLISH_TO_BANGLA_WORD_MEANING,<word> meaning in bengali,0,1,0.0,21.0,BANGLADESH-FILTERED GSC
tad meaning in bengali,ENGLISH_TO_BANGLA_WORD_MEANING,<word> meaning in bengali,0,1,0.0,22.0,BANGLADESH-FILTERED GSC
wading meaning in bengali,ENGLISH_TO_BANGLA_WORD_MEANING,<word> meaning in bengali,0,1,0.0,22.0,BANGLADESH-FILTERED GSC
wished meaning in bengali,ENGLISH_TO_BANGLA_WORD_MEANING,<word> meaning in bengali,0,1,0.0,22.0,BANGLADESH-FILTERED GSC
slob meaning in bengali,ENGLISH_TO_BANGLA_WORD_MEANING,<word> meaning in bengali,0,1,0.0,23.0,BANGLADESH-FILTERED GSC
tyrants meaning in bengali,ENGLISH_TO_BANGLA_WORD_MEANING,<word> meaning in bengali,0,1,0.0,23.0,BANGLADESH-FILTERED GSC
undivided meaning in bengali,ENGLISH_TO_BANGLA_WORD_MEANING,<word> meaning in bengali,0,1,0.0,23.0,BANGLADESH-FILTERED GSC
croissant meaning in bengali,ENGLISH_TO_BANGLA_WORD_MEANING,<word> meaning in bengali,0,1,0.0,24.0,BANGLADESH-FILTERED GSC
mirth meaning in bengali,ENGLISH_TO_BANGLA_WORD_MEANING,<word> meaning in bengali,0,1,0.0,24.0,BANGLADESH-FILTERED GSC
linkedin english,UNRELATED_OR_AMBIGUOUS,OTHER,0,1,0.0,25.0,BANGLADESH-FILTERED GSC
pedestrian meaning in bengali,ENGLISH_TO_BANGLA_WORD_MEANING,<word> meaning in bengali,0,1,0.0,25.0,BANGLADESH-FILTERED GSC
monumental meaning in bengali,ENGLISH_TO_BANGLA_WORD_MEANING,<word> meaning in bengali,0,1,0.0,26.0,BANGLADESH-FILTERED GSC
terrific meaning in bengali,ENGLISH_TO_BANGLA_WORD_MEANING,<word> meaning in bengali,0,1,0.0,26.0,BANGLADESH-FILTERED GSC
whorls meaning in bengali,ENGLISH_TO_BANGLA_WORD_MEANING,<word> meaning in bengali,0,1,0.0,26.0,BANGLADESH-FILTERED GSC
constellation meaning in bengali,ENGLISH_TO_BANGLA_WORD_MEANING,<word> meaning in bengali,0,1,0.0,27.0,BANGLADESH-FILTERED GSC
dundee meaning in bengali,ENGLISH_TO_BANGLA_WORD_MEANING,<word> meaning in bengali,0,1,0.0,27.0,BANGLADESH-FILTERED GSC
militant meaning in bengali,ENGLISH_TO_BANGLA_WORD_MEANING,<word> meaning in bengali,0,1,0.0,27.0,BANGLADESH-FILTERED GSC
picky meaning in bengali,ENGLISH_TO_BANGLA_WORD_MEANING,<word> meaning in bengali,0,1,0.0,27.0,BANGLADESH-FILTERED GSC
sack meaning in bengali,ENGLISH_TO_BANGLA_WORD_MEANING,<word> meaning in bengali,0,1,0.0,27.0,BANGLADESH-FILTERED GSC
terrier meaning in bengali,ENGLISH_TO_BANGLA_WORD_MEANING,<word> meaning in bengali,0,1,0.0,27.0,BANGLADESH-FILTERED GSC
lucifer meaning in bengali,ENGLISH_TO_BANGLA_WORD_MEANING,<word> meaning in bengali,0,1,0.0,28.0,BANGLADESH-FILTERED GSC
preposition grammar in bengali,GRAMMAR,OTHER,0,1,0.0,28.0,BANGLADESH-FILTERED GSC
preposition rules in bangla pdf,GRAMMAR,OTHER,0,1,0.0,28.0,BANGLADESH-FILTERED GSC
sher meaning in bengali,ENGLISH_TO_BANGLA_WORD_MEANING,<word> meaning in bengali,0,1,0.0,28.0,BANGLADESH-FILTERED GSC
snoopy meaning in bengali,ENGLISH_TO_BANGLA_WORD_MEANING,<word> meaning in bengali,0,1,0.0,28.0,BANGLADESH-FILTERED GSC
spencer meaning in bengali,ENGLISH_TO_BANGLA_WORD_MEANING,<word> meaning in bengali,0,1,0.0,28.0,BANGLADESH-FILTERED GSC
sufferer meaning in bengali,ENGLISH_TO_BANGLA_WORD_MEANING,<word> meaning in bengali,0,1,0.0,28.0,BANGLADESH-FILTERED GSC
treatise meaning in bengali,ENGLISH_TO_BANGLA_WORD_MEANING,<word> meaning in bengali,0,1,0.0,28.0,BANGLADESH-FILTERED GSC
wondering meaning in bengali,ENGLISH_TO_BANGLA_WORD_MEANING,<word> meaning in bengali,0,1,0.0,28.0,BANGLADESH-FILTERED GSC
carries এর বাংলা উচ্চারণ,UNRELATED_OR_AMBIGUOUS,OTHER,0,1,0.0,29.0,BANGLADESH-FILTERED GSC
muddled meaning in bengali,ENGLISH_TO_BANGLA_WORD_MEANING,<word> meaning in bengali,0,1,0.0,29.0,BANGLADESH-FILTERED GSC
patronage meaning in bengali,ENGLISH_TO_BANGLA_WORD_MEANING,<word> meaning in bengali,0,1,0.0,29.0,BANGLADESH-FILTERED GSC
scanlon pronunciation,OTHER_ENGLISH_LEARNING,OTHER,0,1,0.0,29.0,BANGLADESH-FILTERED GSC
shadowy meaning in bengali,ENGLISH_TO_BANGLA_WORD_MEANING,<word> meaning in bengali,0,1,0.0,29.0,BANGLADESH-FILTERED GSC
squinting meaning in bengali,ENGLISH_TO_BANGLA_WORD_MEANING,<word> meaning in bengali,0,1,0.0,29.0,BANGLADESH-FILTERED GSC
tho meaning in bengali,ENGLISH_TO_BANGLA_WORD_MEANING,<word> meaning in bengali,0,1,0.0,29.0,BANGLADESH-FILTERED GSC
waterways meaning in bengali,ENGLISH_TO_BANGLA_WORD_MEANING,<word> meaning in bengali,0,1,0.0,29.0,BANGLADESH-FILTERED GSC
economical meaning in bengali,ENGLISH_TO_BANGLA_WORD_MEANING,<word> meaning in bengali,0,1,0.0,30.0,BANGLADESH-FILTERED GSC
polytechnic meaning in bengali,ENGLISH_TO_BANGLA_WORD_MEANING,<word> meaning in bengali,0,1,0.0,30.0,BANGLADESH-FILTERED GSC
rapturous meaning in bengali,ENGLISH_TO_BANGLA_WORD_MEANING,<word> meaning in bengali,0,1,0.0,30.0,BANGLADESH-FILTERED GSC
spectacular meaning in bengali,ENGLISH_TO_BANGLA_WORD_MEANING,<word> meaning in bengali,0,1,0.0,30.0,BANGLADESH-FILTERED GSC
tanning meaning in bengali,ENGLISH_TO_BANGLA_WORD_MEANING,<word> meaning in bengali,0,1,0.0,30.0,BANGLADESH-FILTERED GSC
ugly meaning in bengali,ENGLISH_TO_BANGLA_WORD_MEANING,<word> meaning in bengali,0,1,0.0,30.0,BANGLADESH-FILTERED GSC
convicted meaning in bengali,ENGLISH_TO_BANGLA_WORD_MEANING,<word> meaning in bengali,0,1,0.0,31.0,BANGLADESH-FILTERED GSC
maleficent meaning in bengali,ENGLISH_TO_BANGLA_WORD_MEANING,<word> meaning in bengali,0,1,0.0,31.0,BANGLADESH-FILTERED GSC
pretentious meaning in bengali,ENGLISH_TO_BANGLA_WORD_MEANING,<word> meaning in bengali,0,1,0.0,31.0,BANGLADESH-FILTERED GSC
prologue meaning in bengali,ENGLISH_TO_BANGLA_WORD_MEANING,<word> meaning in bengali,0,1,0.0,31.0,BANGLADESH-FILTERED GSC
sturdy meaning in bengali,ENGLISH_TO_BANGLA_WORD_MEANING,<word> meaning in bengali,0,1,0.0,31.0,BANGLADESH-FILTERED GSC
tweezers meaning in bengali,ENGLISH_TO_BANGLA_WORD_MEANING,<word> meaning in bengali,0,1,0.0,31.0,BANGLADESH-FILTERED GSC
underpin meaning in bengali,ENGLISH_TO_BANGLA_WORD_MEANING,<word> meaning in bengali,0,1,0.0,31.0,BANGLADESH-FILTERED GSC
বিদঘুটে অর্থ,UNRELATED_OR_AMBIGUOUS,OTHER,0,1,0.0,31.0,BANGLADESH-FILTERED GSC
article rules bangla pdf,GRAMMAR,OTHER,0,1,0.0,32.0,BANGLADESH-FILTERED GSC
meaning of reaffirmed in hindi,UNRELATED_OR_AMBIGUOUS,OTHER,0,1,0.0,32.0,BANGLADESH-FILTERED GSC
mic meaning in bengali,ENGLISH_TO_BANGLA_WORD_MEANING,<word> meaning in bengali,0,1,0.0,32.0,BANGLADESH-FILTERED GSC
online dictionary english to bangla,ENGLISH_TO_BANGLA_DICTIONARY,OTHER,0,1,0.0,32.0,BANGLADESH-FILTERED GSC
peerless meaning in bengali,ENGLISH_TO_BANGLA_WORD_MEANING,<word> meaning in bengali,0,1,0.0,32.0,BANGLADESH-FILTERED GSC
pie meaning in bengali,ENGLISH_TO_BANGLA_WORD_MEANING,<word> meaning in bengali,0,1,0.0,32.0,BANGLADESH-FILTERED GSC
pies meaning in bengali,ENGLISH_TO_BANGLA_WORD_MEANING,<word> meaning in bengali,0,1,0.0,32.0,BANGLADESH-FILTERED GSC
rudimentary meaning in bengali,ENGLISH_TO_BANGLA_WORD_MEANING,<word> meaning in bengali,0,1,0.0,32.0,BANGLADESH-FILTERED GSC
sorcerer meaning in bengali,ENGLISH_TO_BANGLA_WORD_MEANING,<word> meaning in bengali,0,1,0.0,32.0,BANGLADESH-FILTERED GSC
spines meaning in bengali,ENGLISH_TO_BANGLA_WORD_MEANING,<word> meaning in bengali,0,1,0.0,32.0,BANGLADESH-FILTERED GSC
street bengali meaning,ENGLISH_TO_BANGLA_WORD_MEANING,OTHER,0,1,0.0,32.0,BANGLADESH-FILTERED GSC
thang meaning in bengali,ENGLISH_TO_BANGLA_WORD_MEANING,<word> meaning in bengali,0,1,0.0,32.0,BANGLADESH-FILTERED GSC
ugly meaning bangla,UNRELATED_OR_AMBIGUOUS,OTHER,0,1,0.0,32.0,BANGLADESH-FILTERED GSC
bridesmaids meaning in bengali,ENGLISH_TO_BANGLA_WORD_MEANING,<word> meaning in bengali,0,1,0.0,33.0,BANGLADESH-FILTERED GSC
defeated meaning in bengali,ENGLISH_TO_BANGLA_WORD_MEANING,<word> meaning in bengali,0,1,0.0,33.0,BANGLADESH-FILTERED GSC
latex meaning in bengali,ENGLISH_TO_BANGLA_WORD_MEANING,<word> meaning in bengali,0,1,0.0,33.0,BANGLADESH-FILTERED GSC
nun meaning in bengali,ENGLISH_TO_BANGLA_WORD_MEANING,<word> meaning in bengali,0,1,0.0,33.0,BANGLADESH-FILTERED GSC
rebuild meaning in bengali,ENGLISH_TO_BANGLA_WORD_MEANING,<word> meaning in bengali,0,1,0.0,33.0,BANGLADESH-FILTERED GSC
resin meaning in bengali,ENGLISH_TO_BANGLA_WORD_MEANING,<word> meaning in bengali,0,1,0.0,33.0,BANGLADESH-FILTERED GSC
superimposed meaning in bengali,ENGLISH_TO_BANGLA_WORD_MEANING,<word> meaning in bengali,0,1,0.0,33.0,BANGLADESH-FILTERED GSC
undertaker meaning in bengali,ENGLISH_TO_BANGLA_WORD_MEANING,<word> meaning in bengali,0,1,0.0,33.0,BANGLADESH-FILTERED GSC
১২ টি tense এর গঠন bangla,GRAMMAR,OTHER,0,1,0.0,33.0,BANGLADESH-FILTERED GSC
insurrection meaning in bengali,ENGLISH_TO_BANGLA_WORD_MEANING,<word> meaning in bengali,0,1,0.0,34.0,BANGLADESH-FILTERED GSC
musk meaning in bengali,ENGLISH_TO_BANGLA_WORD_MEANING,<word> meaning in bengali,0,1,0.0,34.0,BANGLADESH-FILTERED GSC
nibbling meaning in bengali,ENGLISH_TO_BANGLA_WORD_MEANING,<word> meaning in bengali,0,1,0.0,34.0,BANGLADESH-FILTERED GSC
prospectus meaning in bengali,ENGLISH_TO_BANGLA_WORD_MEANING,<word> meaning in bengali,0,1,0.0,34.0,BANGLADESH-FILTERED GSC
sinking meaning in bengali,ENGLISH_TO_BANGLA_WORD_MEANING,<word> meaning in bengali,0,1,0.0,34.0,BANGLADESH-FILTERED GSC
starlight meaning in bengali,ENGLISH_TO_BANGLA_WORD_MEANING,<word> meaning in bengali,0,1,0.0,34.0,BANGLADESH-FILTERED GSC
thirsty বাংলা উচ্চারণ,UNRELATED_OR_AMBIGUOUS,OTHER,0,1,0.0,34.0,BANGLADESH-FILTERED GSC
torch meaning in bengali,ENGLISH_TO_BANGLA_WORD_MEANING,<word> meaning in bengali,0,1,0.0,34.0,BANGLADESH-FILTERED GSC
unambiguous meaning in malayalam,UNRELATED_OR_AMBIGUOUS,OTHER,0,1,0.0,34.0,BANGLADESH-FILTERED GSC
extradite meaning in bengali,ENGLISH_TO_BANGLA_WORD_MEANING,<word> meaning in bengali,0,1,0.0,35.0,BANGLADESH-FILTERED GSC
manhood meaning in bengali,ENGLISH_TO_BANGLA_WORD_MEANING,<word> meaning in bengali,0,1,0.0,35.0,BANGLADESH-FILTERED GSC
messi meaning in bengali,ENGLISH_TO_BANGLA_WORD_MEANING,<word> meaning in bengali,0,1,0.0,35.0,BANGLADESH-FILTERED GSC
oratory meaning in bengali,ENGLISH_TO_BANGLA_WORD_MEANING,<word> meaning in bengali,0,1,0.0,35.0,BANGLADESH-FILTERED GSC
i ll meaning in bengali,ENGLISH_TO_BANGLA_WORD_MEANING,<word> meaning in bengali,0,1,0.0,36.0,BANGLADESH-FILTERED GSC
supposed meaning in bengali,ENGLISH_TO_BANGLA_WORD_MEANING,<word> meaning in bengali,0,1,0.0,36.0,BANGLADESH-FILTERED GSC
treadmill meaning in bengali,ENGLISH_TO_BANGLA_WORD_MEANING,<word> meaning in bengali,0,1,0.0,36.0,BANGLADESH-FILTERED GSC
wagon meaning in bengali,ENGLISH_TO_BANGLA_WORD_MEANING,<word> meaning in bengali,0,1,0.0,36.0,BANGLADESH-FILTERED GSC
"li,kdin",UNRELATED_OR_AMBIGUOUS,OTHER,0,1,0.0,37.0,BANGLADESH-FILTERED GSC
otp meaning in bengali,ENGLISH_TO_BANGLA_WORD_MEANING,<word> meaning in bengali,0,1,0.0,37.0,BANGLADESH-FILTERED GSC
quake meaning in bengali,ENGLISH_TO_BANGLA_WORD_MEANING,<word> meaning in bengali,0,1,0.0,37.0,BANGLADESH-FILTERED GSC
quarries meaning in bengali,ENGLISH_TO_BANGLA_WORD_MEANING,<word> meaning in bengali,0,1,0.0,37.0,BANGLADESH-FILTERED GSC
mutiny meaning in bengali,ENGLISH_TO_BANGLA_WORD_MEANING,<word> meaning in bengali,0,1,0.0,38.0,BANGLADESH-FILTERED GSC
opal meaning in bengali,ENGLISH_TO_BANGLA_WORD_MEANING,<word> meaning in bengali,0,1,0.0,38.0,BANGLADESH-FILTERED GSC
ruse meaning in bengali,ENGLISH_TO_BANGLA_WORD_MEANING,<word> meaning in bengali,0,1,0.0,38.0,BANGLADESH-FILTERED GSC
society এর বাংলা উচ্চারণ,UNRELATED_OR_AMBIGUOUS,OTHER,0,1,0.0,38.0,BANGLADESH-FILTERED GSC
sympathy meaning in bengali,ENGLISH_TO_BANGLA_WORD_MEANING,<word> meaning in bengali,0,1,0.0,38.0,BANGLADESH-FILTERED GSC
tds meaning in bengali,ENGLISH_TO_BANGLA_WORD_MEANING,<word> meaning in bengali,0,1,0.0,38.0,BANGLADESH-FILTERED GSC
virgo bangla,UNRELATED_OR_AMBIGUOUS,OTHER,0,1,0.0,38.0,BANGLADESH-FILTERED GSC
duress meaning in bengali,ENGLISH_TO_BANGLA_WORD_MEANING,<word> meaning in bengali,0,1,0.0,39.0,BANGLADESH-FILTERED GSC
equitable meaning in bengali,ENGLISH_TO_BANGLA_WORD_MEANING,<word> meaning in bengali,0,1,0.0,39.0,BANGLADESH-FILTERED GSC
follower meaning in bengali,ENGLISH_TO_BANGLA_WORD_MEANING,<word> meaning in bengali,0,1,0.0,39.0,BANGLADESH-FILTERED GSC
offended meaning in bengali,ENGLISH_TO_BANGLA_WORD_MEANING,<word> meaning in bengali,0,1,0.0,39.0,BANGLADESH-FILTERED GSC
slanted meaning in bengali,ENGLISH_TO_BANGLA_WORD_MEANING,<word> meaning in bengali,0,1,0.0,39.0,BANGLADESH-FILTERED GSC
tunnel meaning in bengali,ENGLISH_TO_BANGLA_WORD_MEANING,<word> meaning in bengali,0,1,0.0,39.0,BANGLADESH-FILTERED GSC
ugly এর বাংলা উচ্চারণ,UNRELATED_OR_AMBIGUOUS,OTHER,0,1,0.0,39.0,BANGLADESH-FILTERED GSC
virgo meaning in bengali,ENGLISH_TO_BANGLA_WORD_MEANING,<word> meaning in bengali,0,1,0.0,39.0,BANGLADESH-FILTERED GSC
wealthy এর বাংলা অর্থ কি,ENGLISH_TO_BANGLA_WORD_MEANING,OTHER,0,1,0.0,39.0,BANGLADESH-FILTERED GSC
willful meaning in bengali,ENGLISH_TO_BANGLA_WORD_MEANING,<word> meaning in bengali,0,1,0.0,39.0,BANGLADESH-FILTERED GSC
muddle meaning in bengali,ENGLISH_TO_BANGLA_WORD_MEANING,<word> meaning in bengali,0,1,0.0,40.0,BANGLADESH-FILTERED GSC
ninety meaning in bengali,ENGLISH_TO_BANGLA_WORD_MEANING,<word> meaning in bengali,0,1,0.0,40.0,BANGLADESH-FILTERED GSC
thermostat,UNRELATED_OR_AMBIGUOUS,OTHER,0,1,0.0,40.0,BANGLADESH-FILTERED GSC
torts meaning in bengali,ENGLISH_TO_BANGLA_WORD_MEANING,<word> meaning in bengali,0,1,0.0,40.0,BANGLADESH-FILTERED GSC
trainer meaning in bengali,ENGLISH_TO_BANGLA_WORD_MEANING,<word> meaning in bengali,0,1,0.0,40.0,BANGLADESH-FILTERED GSC
amc,UNRELATED_OR_AMBIGUOUS,OTHER,0,1,0.0,41.0,BANGLADESH-FILTERED GSC
dubai bangla,UNRELATED_OR_AMBIGUOUS,OTHER,0,1,0.0,41.0,BANGLADESH-FILTERED GSC
oregano meaning in bengali,ENGLISH_TO_BANGLA_WORD_MEANING,<word> meaning in bengali,0,1,0.0,41.0,BANGLADESH-FILTERED GSC
overwhelmed meaning in bengali,ENGLISH_TO_BANGLA_WORD_MEANING,<word> meaning in bengali,0,1,0.0,41.0,BANGLADESH-FILTERED GSC
pisces meaning in bengali,ENGLISH_TO_BANGLA_WORD_MEANING,<word> meaning in bengali,0,1,0.0,41.0,BANGLADESH-FILTERED GSC
predominantly meaning in bengali,ENGLISH_TO_BANGLA_WORD_MEANING,<word> meaning in bengali,0,1,0.0,41.0,BANGLADESH-FILTERED GSC
right away meaning in bengali,ENGLISH_TO_BANGLA_WORD_MEANING,<word> meaning in bengali,0,1,0.0,41.0,BANGLADESH-FILTERED GSC
superintendent meaning in bengali,ENGLISH_TO_BANGLA_WORD_MEANING,<word> meaning in bengali,0,1,0.0,41.0,BANGLADESH-FILTERED GSC
tension meaning in bengali,ENGLISH_TO_BANGLA_WORD_MEANING,<word> meaning in bengali,0,1,0.0,41.0,BANGLADESH-FILTERED GSC
bengali verbs list pdf,UNRELATED_OR_AMBIGUOUS,OTHER,0,1,0.0,42.0,BANGLADESH-FILTERED GSC
hallmark,UNRELATED_OR_AMBIGUOUS,OTHER,0,1,0.0,42.0,BANGLADESH-FILTERED GSC
persevering meaning in bengali,ENGLISH_TO_BANGLA_WORD_MEANING,<word> meaning in bengali,0,1,0.0,42.0,BANGLADESH-FILTERED GSC
purge meaning in bengali,ENGLISH_TO_BANGLA_WORD_MEANING,<word> meaning in bengali,0,1,0.0,42.0,BANGLADESH-FILTERED GSC
subsides meaning in bengali,ENGLISH_TO_BANGLA_WORD_MEANING,<word> meaning in bengali,0,1,0.0,42.0,BANGLADESH-FILTERED GSC
terrible meaning in bengali,ENGLISH_TO_BANGLA_WORD_MEANING,<word> meaning in bengali,0,1,0.0,42.0,BANGLADESH-FILTERED GSC
thirsty এর উচ্চারণ কি,UNRELATED_OR_AMBIGUOUS,OTHER,0,1,0.0,42.0,BANGLADESH-FILTERED GSC
torsion meaning in bengali,ENGLISH_TO_BANGLA_WORD_MEANING,<word> meaning in bengali,0,1,0.0,42.0,BANGLADESH-FILTERED GSC
tweaking meaning in bengali,ENGLISH_TO_BANGLA_WORD_MEANING,<word> meaning in bengali,0,1,0.0,42.0,BANGLADESH-FILTERED GSC
unlicensed meaning in bengali,ENGLISH_TO_BANGLA_WORD_MEANING,<word> meaning in bengali,0,1,0.0,42.0,BANGLADESH-FILTERED GSC
waist meaning in bengali,ENGLISH_TO_BANGLA_WORD_MEANING,<word> meaning in bengali,0,1,0.0,42.0,BANGLADESH-FILTERED GSC
অনির্বচনীয়,UNRELATED_OR_AMBIGUOUS,OTHER,0,1,0.0,42.0,BANGLADESH-FILTERED GSC
অন্তর্ধান অর্থ,UNRELATED_OR_AMBIGUOUS,OTHER,0,1,0.0,42.0,BANGLADESH-FILTERED GSC
rainbow meaning in bengali,ENGLISH_TO_BANGLA_WORD_MEANING,<word> meaning in bengali,0,1,0.0,43.0,BANGLADESH-FILTERED GSC
spying meaning in bengali,ENGLISH_TO_BANGLA_WORD_MEANING,<word> meaning in bengali,0,1,0.0,43.0,BANGLADESH-FILTERED GSC
stalk meaning in bengali,ENGLISH_TO_BANGLA_WORD_MEANING,<word> meaning in bengali,0,1,0.0,43.0,BANGLADESH-FILTERED GSC
tension meaning bangla,UNRELATED_OR_AMBIGUOUS,OTHER,0,1,0.0,43.0,BANGLADESH-FILTERED GSC
aust meaning,UNRELATED_OR_AMBIGUOUS,OTHER,0,1,0.0,44.0,BANGLADESH-FILTERED GSC
by meaning in bengali,ENGLISH_TO_BANGLA_WORD_MEANING,<word> meaning in bengali,0,1,0.0,44.0,BANGLADESH-FILTERED GSC
english to bangla online dictionary,ENGLISH_TO_BANGLA_DICTIONARY,OTHER,0,1,0.0,44.0,BANGLADESH-FILTERED GSC
impromptu meaning in bengali,ENGLISH_TO_BANGLA_WORD_MEANING,<word> meaning in bengali,0,1,0.0,44.0,BANGLADESH-FILTERED GSC
mayor meaning in bengali,ENGLISH_TO_BANGLA_WORD_MEANING,<word> meaning in bengali,0,1,0.0,44.0,BANGLADESH-FILTERED GSC
ripit meaning in bengali,ENGLISH_TO_BANGLA_WORD_MEANING,<word> meaning in bengali,0,1,0.0,44.0,BANGLADESH-FILTERED GSC
squads meaning in bengali,ENGLISH_TO_BANGLA_WORD_MEANING,<word> meaning in bengali,0,1,0.0,44.0,BANGLADESH-FILTERED GSC
thriller meaning in bengali,ENGLISH_TO_BANGLA_WORD_MEANING,<word> meaning in bengali,0,1,0.0,44.0,BANGLADESH-FILTERED GSC
ttc,UNRELATED_OR_AMBIGUOUS,OTHER,0,1,0.0,44.0,BANGLADESH-FILTERED GSC
vitamin meaning in bengali,ENGLISH_TO_BANGLA_WORD_MEANING,<word> meaning in bengali,0,1,0.0,44.0,BANGLADESH-FILTERED GSC
vp meaning in bengali,ENGLISH_TO_BANGLA_WORD_MEANING,<word> meaning in bengali,0,1,0.0,44.0,BANGLADESH-FILTERED GSC
wide meaning bangla,UNRELATED_OR_AMBIGUOUS,OTHER,0,1,0.0,44.0,BANGLADESH-FILTERED GSC
wifi meaning in bengali,ENGLISH_TO_BANGLA_WORD_MEANING,<word> meaning in bengali,0,1,0.0,44.0,BANGLADESH-FILTERED GSC
mitochondria meaning in bengali,ENGLISH_TO_BANGLA_WORD_MEANING,<word> meaning in bengali,0,1,0.0,45.0,BANGLADESH-FILTERED GSC
protector meaning in bengali,ENGLISH_TO_BANGLA_WORD_MEANING,<word> meaning in bengali,0,1,0.0,45.0,BANGLADESH-FILTERED GSC
south bangla meaning,ENGLISH_TO_BANGLA_WORD_MEANING,OTHER,0,1,0.0,45.0,BANGLADESH-FILTERED GSC
the swing poem bengali meaning,ENGLISH_TO_BANGLA_WORD_MEANING,OTHER,0,1,0.0,45.0,BANGLADESH-FILTERED GSC
সদ,UNRELATED_OR_AMBIGUOUS,OTHER,0,1,0.0,45.0,BANGLADESH-FILTERED GSC
english to bangla tension,ENGLISH_TO_BANGLA_DICTIONARY,OTHER,0,1,0.0,46.0,BANGLADESH-FILTERED GSC
memes meaning in bengali,ENGLISH_TO_BANGLA_WORD_MEANING,<word> meaning in bengali,0,1,0.0,46.0,BANGLADESH-FILTERED GSC
stabbed meaning in bengali,ENGLISH_TO_BANGLA_WORD_MEANING,<word> meaning in bengali,0,1,0.0,46.0,BANGLADESH-FILTERED GSC
tolerance meaning bangla,UNRELATED_OR_AMBIGUOUS,OTHER,0,1,0.0,46.0,BANGLADESH-FILTERED GSC
topographic meaning in bengali,ENGLISH_TO_BANGLA_WORD_MEANING,<word> meaning in bengali,0,1,0.0,46.0,BANGLADESH-FILTERED GSC
wesleyan st,UNRELATED_OR_AMBIGUOUS,OTHER,0,1,0.0,46.0,BANGLADESH-FILTERED GSC
টিয়ার,UNRELATED_OR_AMBIGUOUS,OTHER,0,1,0.0,46.0,BANGLADESH-FILTERED GSC
mgs sec,UNRELATED_OR_AMBIGUOUS,OTHER,0,1,0.0,47.0,BANGLADESH-FILTERED GSC
peculiar meaning in bengali,ENGLISH_TO_BANGLA_WORD_MEANING,<word> meaning in bengali,0,1,0.0,47.0,BANGLADESH-FILTERED GSC
silicon meaning in bengali,ENGLISH_TO_BANGLA_WORD_MEANING,<word> meaning in bengali,0,1,0.0,47.0,BANGLADESH-FILTERED GSC
sled meaning in bengali,ENGLISH_TO_BANGLA_WORD_MEANING,<word> meaning in bengali,0,1,0.0,47.0,BANGLADESH-FILTERED GSC
surrounding এর বাংলা উচ্চারণ,UNRELATED_OR_AMBIGUOUS,OTHER,0,1,0.0,47.0,BANGLADESH-FILTERED GSC
tobuo english meaning,UNRELATED_OR_AMBIGUOUS,OTHER,0,1,0.0,47.0,BANGLADESH-FILTERED GSC
tortilla meaning in bengali,ENGLISH_TO_BANGLA_WORD_MEANING,<word> meaning in bengali,0,1,0.0,47.0,BANGLADESH-FILTERED GSC
voted meaning in bengali,ENGLISH_TO_BANGLA_WORD_MEANING,<word> meaning in bengali,0,1,0.0,47.0,BANGLADESH-FILTERED GSC
মত,UNRELATED_OR_AMBIGUOUS,OTHER,0,1,0.0,47.0,BANGLADESH-FILTERED GSC
infliction meaning in bengali,ENGLISH_TO_BANGLA_WORD_MEANING,<word> meaning in bengali,0,1,0.0,48.0,BANGLADESH-FILTERED GSC
integrity bangla meaning,ENGLISH_TO_BANGLA_WORD_MEANING,OTHER,0,1,0.0,48.0,BANGLADESH-FILTERED GSC
leper meaning in bengali,ENGLISH_TO_BANGLA_WORD_MEANING,<word> meaning in bengali,0,1,0.0,48.0,BANGLADESH-FILTERED GSC
manufacturer meaning in bengali,ENGLISH_TO_BANGLA_WORD_MEANING,<word> meaning in bengali,0,1,0.0,48.0,BANGLADESH-FILTERED GSC
quilt meaning in bengali and english,ENGLISH_TO_BANGLA_WORD_MEANING,OTHER,0,1,0.0,48.0,BANGLADESH-FILTERED GSC
sacked meaning in bengali,ENGLISH_TO_BANGLA_WORD_MEANING,<word> meaning in bengali,0,1,0.0,48.0,BANGLADESH-FILTERED GSC
throw meaning in bengali,ENGLISH_TO_BANGLA_WORD_MEANING,<word> meaning in bengali,0,1,0.0,48.0,BANGLADESH-FILTERED GSC
world bangla meaning,ENGLISH_TO_BANGLA_WORD_MEANING,OTHER,0,1,0.0,48.0,BANGLADESH-FILTERED GSC
bangla to bangla ovidhan,BRANDED_OVIDHAN,OTHER,0,1,0.0,49.0,BANGLADESH-FILTERED GSC
beneficent meaning in bengali,ENGLISH_TO_BANGLA_WORD_MEANING,<word> meaning in bengali,0,1,0.0,49.0,BANGLADESH-FILTERED GSC
manuscripts meaning in bengali,ENGLISH_TO_BANGLA_WORD_MEANING,<word> meaning in bengali,0,1,0.0,49.0,BANGLADESH-FILTERED GSC
rescheduled translate,UNRELATED_OR_AMBIGUOUS,OTHER,0,1,0.0,49.0,BANGLADESH-FILTERED GSC
shout meaning in bengali,ENGLISH_TO_BANGLA_WORD_MEANING,<word> meaning in bengali,0,1,0.0,49.0,BANGLADESH-FILTERED GSC
tansan in english to bangla,ENGLISH_TO_BANGLA_DICTIONARY,OTHER,0,1,0.0,49.0,BANGLADESH-FILTERED GSC
that meaning bangla,UNRELATED_OR_AMBIGUOUS,OTHER,0,1,0.0,49.0,BANGLADESH-FILTERED GSC
translate স্পিন from bangla,UNRELATED_OR_AMBIGUOUS,OTHER,0,1,0.0,49.0,BANGLADESH-FILTERED GSC
wallet meaning in bengali,ENGLISH_TO_BANGLA_WORD_MEANING,<word> meaning in bengali,0,1,0.0,49.0,BANGLADESH-FILTERED GSC
writ meaning in bengali,ENGLISH_TO_BANGLA_WORD_MEANING,<word> meaning in bengali,0,1,0.0,49.0,BANGLADESH-FILTERED GSC
bidet,UNRELATED_OR_AMBIGUOUS,OTHER,0,1,0.0,50.0,BANGLADESH-FILTERED GSC
sz,UNRELATED_OR_AMBIGUOUS,OTHER,0,1,0.0,50.0,BANGLADESH-FILTERED GSC
take over meaning in bengali,ENGLISH_TO_BANGLA_WORD_MEANING,<word> meaning in bengali,0,1,0.0,50.0,BANGLADESH-FILTERED GSC
than qhun,UNRELATED_OR_AMBIGUOUS,OTHER,0,1,0.0,50.0,BANGLADESH-FILTERED GSC
ultimatum in tagalog,UNRELATED_OR_AMBIGUOUS,OTHER,0,1,0.0,50.0,BANGLADESH-FILTERED GSC
uterine meaning in bengali,ENGLISH_TO_BANGLA_WORD_MEANING,<word> meaning in bengali,0,1,0.0,50.0,BANGLADESH-FILTERED GSC
whirls meaning in bengali,ENGLISH_TO_BANGLA_WORD_MEANING,<word> meaning in bengali,0,1,0.0,50.0,BANGLADESH-FILTERED GSC
bangla wash,UNRELATED_OR_AMBIGUOUS,OTHER,0,1,0.0,51.0,BANGLADESH-FILTERED GSC
friction magyarul,UNRELATED_OR_AMBIGUOUS,OTHER,0,1,0.0,51.0,BANGLADESH-FILTERED GSC
swimmer meaning in bengali,ENGLISH_TO_BANGLA_WORD_MEANING,<word> meaning in bengali,0,1,0.0,51.0,BANGLADESH-FILTERED GSC
wildflower meaning in bengali,ENGLISH_TO_BANGLA_WORD_MEANING,<word> meaning in bengali,0,1,0.0,51.0,BANGLADESH-FILTERED GSC
বাংলা শব্দার্থ অভিধান,UNRELATED_OR_AMBIGUOUS,OTHER,0,1,0.0,51.0,BANGLADESH-FILTERED GSC
gusting,UNRELATED_OR_AMBIGUOUS,OTHER,0,1,0.0,52.0,BANGLADESH-FILTERED GSC
inhibit meaning in bengali,ENGLISH_TO_BANGLA_WORD_MEANING,<word> meaning in bengali,0,1,0.0,52.0,BANGLADESH-FILTERED GSC
municipal meaning in bengali,ENGLISH_TO_BANGLA_WORD_MEANING,<word> meaning in bengali,0,1,0.0,52.0,BANGLADESH-FILTERED GSC
peed meaning in bengali,ENGLISH_TO_BANGLA_WORD_MEANING,<word> meaning in bengali,0,1,0.0,52.0,BANGLADESH-FILTERED GSC
spaceship meaning in bengali,ENGLISH_TO_BANGLA_WORD_MEANING,<word> meaning in bengali,0,1,0.0,52.0,BANGLADESH-FILTERED GSC
traveling meaning in bengali,ENGLISH_TO_BANGLA_WORD_MEANING,<word> meaning in bengali,0,1,0.0,52.0,BANGLADESH-FILTERED GSC
vocabulary এর বাংলা অর্থ কি,ENGLISH_TO_BANGLA_WORD_MEANING,OTHER,0,1,0.0,52.0,BANGLADESH-FILTERED GSC
hoarders meaning in bengali,ENGLISH_TO_BANGLA_WORD_MEANING,<word> meaning in bengali,0,1,0.0,53.0,BANGLADESH-FILTERED GSC
manipulator meaning in bengali,ENGLISH_TO_BANGLA_WORD_MEANING,<word> meaning in bengali,0,1,0.0,53.0,BANGLADESH-FILTERED GSC
max meaning in bengali,ENGLISH_TO_BANGLA_WORD_MEANING,<word> meaning in bengali,0,1,0.0,53.0,BANGLADESH-FILTERED GSC
meteorological meaning in bengali,ENGLISH_TO_BANGLA_WORD_MEANING,<word> meaning in bengali,0,1,0.0,53.0,BANGLADESH-FILTERED GSC
outskirts meaning in bengali,ENGLISH_TO_BANGLA_WORD_MEANING,<word> meaning in bengali,0,1,0.0,53.0,BANGLADESH-FILTERED GSC
second meaning in bengali,ENGLISH_TO_BANGLA_WORD_MEANING,<word> meaning in bengali,0,1,0.0,53.0,BANGLADESH-FILTERED GSC
south in bangla,UNRELATED_OR_AMBIGUOUS,OTHER,0,1,0.0,53.0,BANGLADESH-FILTERED GSC
sumptuous meaning in bengali,ENGLISH_TO_BANGLA_WORD_MEANING,<word> meaning in bengali,0,1,0.0,53.0,BANGLADESH-FILTERED GSC
swapping meaning in bengali,ENGLISH_TO_BANGLA_WORD_MEANING,<word> meaning in bengali,0,1,0.0,53.0,BANGLADESH-FILTERED GSC
wheeler meaning in bengali,ENGLISH_TO_BANGLA_WORD_MEANING,<word> meaning in bengali,0,1,0.0,53.0,BANGLADESH-FILTERED GSC
wipes meaning in bengali,ENGLISH_TO_BANGLA_WORD_MEANING,<word> meaning in bengali,0,1,0.0,53.0,BANGLADESH-FILTERED GSC
english to bangla tensions,ENGLISH_TO_BANGLA_DICTIONARY,OTHER,0,1,0.0,54.0,BANGLADESH-FILTERED GSC
ful,UNRELATED_OR_AMBIGUOUS,OTHER,0,1,0.0,54.0,BANGLADESH-FILTERED GSC
oregano in bengali,UNRELATED_OR_AMBIGUOUS,OTHER,0,1,0.0,54.0,BANGLADESH-FILTERED GSC
parsley in bengali,UNRELATED_OR_AMBIGUOUS,OTHER,0,1,0.0,54.0,BANGLADESH-FILTERED GSC
reassuring meaning in bengali,ENGLISH_TO_BANGLA_WORD_MEANING,<word> meaning in bengali,0,1,0.0,54.0,BANGLADESH-FILTERED GSC
snugly meaning in bengali,ENGLISH_TO_BANGLA_WORD_MEANING,<word> meaning in bengali,0,1,0.0,54.0,BANGLADESH-FILTERED GSC
soft meaning in bengali,ENGLISH_TO_BANGLA_WORD_MEANING,<word> meaning in bengali,0,1,0.0,54.0,BANGLADESH-FILTERED GSC
stroke meaning in bengali,ENGLISH_TO_BANGLA_WORD_MEANING,<word> meaning in bengali,0,1,0.0,54.0,BANGLADESH-FILTERED GSC
tampon meaning in bengali,ENGLISH_TO_BANGLA_WORD_MEANING,<word> meaning in bengali,0,1,0.0,54.0,BANGLADESH-FILTERED GSC
teleport meaning in bengali,ENGLISH_TO_BANGLA_WORD_MEANING,<word> meaning in bengali,0,1,0.0,54.0,BANGLADESH-FILTERED GSC
wicking meaning in bengali,ENGLISH_TO_BANGLA_WORD_MEANING,<word> meaning in bengali,0,1,0.0,54.0,BANGLADESH-FILTERED GSC
activation meaning in bengali,ENGLISH_TO_BANGLA_WORD_MEANING,<word> meaning in bengali,0,1,0.0,55.0,BANGLADESH-FILTERED GSC
phenomenal meaning in bengali,ENGLISH_TO_BANGLA_WORD_MEANING,<word> meaning in bengali,0,1,0.0,55.0,BANGLADESH-FILTERED GSC
ফেব্রুয়ারি সঠিক বানান,UNRELATED_OR_AMBIGUOUS,OTHER,0,1,0.0,55.0,BANGLADESH-FILTERED GSC
excellency meaning in bengali,ENGLISH_TO_BANGLA_WORD_MEANING,<word> meaning in bengali,0,1,0.0,56.0,BANGLADESH-FILTERED GSC
mesopotamia,UNRELATED_OR_AMBIGUOUS,OTHER,0,1,0.0,56.0,BANGLADESH-FILTERED GSC
mining in bangla,UNRELATED_OR_AMBIGUOUS,OTHER,0,1,0.0,56.0,BANGLADESH-FILTERED GSC
odyssey meaning in bengali,ENGLISH_TO_BANGLA_WORD_MEANING,<word> meaning in bengali,0,1,0.0,56.0,BANGLADESH-FILTERED GSC
proprietor meaning bangla,UNRELATED_OR_AMBIGUOUS,OTHER,0,1,0.0,56.0,BANGLADESH-FILTERED GSC
slowly এর বাংলা অর্থ কি,ENGLISH_TO_BANGLA_WORD_MEANING,OTHER,0,1,0.0,56.0,BANGLADESH-FILTERED GSC
solidarity meaning in bengali,ENGLISH_TO_BANGLA_WORD_MEANING,<word> meaning in bengali,0,1,0.0,56.0,BANGLADESH-FILTERED GSC
solitude meaning in bengali,ENGLISH_TO_BANGLA_WORD_MEANING,<word> meaning in bengali,0,1,0.0,56.0,BANGLADESH-FILTERED GSC
tabu meaning in bengali,ENGLISH_TO_BANGLA_WORD_MEANING,<word> meaning in bengali,0,1,0.0,56.0,BANGLADESH-FILTERED GSC
wifi এর বাংলা অর্থ কি,ENGLISH_TO_BANGLA_WORD_MEANING,OTHER,0,1,0.0,56.0,BANGLADESH-FILTERED GSC
peeling,UNRELATED_OR_AMBIGUOUS,OTHER,0,1,0.0,57.0,BANGLADESH-FILTERED GSC
seduce meaning bengali,UNRELATED_OR_AMBIGUOUS,OTHER,0,1,0.0,57.0,BANGLADESH-FILTERED GSC
vasectomy meaning in bengali,ENGLISH_TO_BANGLA_WORD_MEANING,<word> meaning in bengali,0,1,0.0,57.0,BANGLADESH-FILTERED GSC
অভ্যর্থনা অর্থ,UNRELATED_OR_AMBIGUOUS,OTHER,0,1,0.0,57.0,BANGLADESH-FILTERED GSC
ওয়ালেট মানে কি,UNRELATED_OR_AMBIGUOUS,OTHER,0,1,0.0,57.0,BANGLADESH-FILTERED GSC
awful meaning in bengali,ENGLISH_TO_BANGLA_WORD_MEANING,<word> meaning in bengali,0,1,0.0,58.0,BANGLADESH-FILTERED GSC
mib,UNRELATED_OR_AMBIGUOUS,OTHER,0,1,0.0,58.0,BANGLADESH-FILTERED GSC
pretend meaning in bengali,ENGLISH_TO_BANGLA_WORD_MEANING,<word> meaning in bengali,0,1,0.0,58.0,BANGLADESH-FILTERED GSC
probationary officer meaning in bengali,ENGLISH_TO_BANGLA_WORD_MEANING,<word> meaning in bengali,0,1,0.0,58.0,BANGLADESH-FILTERED GSC
purged meaning,UNRELATED_OR_AMBIGUOUS,OTHER,0,1,0.0,58.0,BANGLADESH-FILTERED GSC
ranting meaning in bengali,ENGLISH_TO_BANGLA_WORD_MEANING,<word> meaning in bengali,0,1,0.0,58.0,BANGLADESH-FILTERED GSC
shrieks এর বাংলা অর্থ কি,ENGLISH_TO_BANGLA_WORD_MEANING,OTHER,0,1,0.0,58.0,BANGLADESH-FILTERED GSC
stumble meaning in bengali,ENGLISH_TO_BANGLA_WORD_MEANING,<word> meaning in bengali,0,1,0.0,58.0,BANGLADESH-FILTERED GSC
supervisor meaning in bengali,ENGLISH_TO_BANGLA_WORD_MEANING,<word> meaning in bengali,0,1,0.0,58.0,BANGLADESH-FILTERED GSC
telescope অর্থ কি,ENGLISH_TO_BANGLA_WORD_MEANING,OTHER,0,1,0.0,58.0,BANGLADESH-FILTERED GSC
waffle meaning in bengali,ENGLISH_TO_BANGLA_WORD_MEANING,<word> meaning in bengali,0,1,0.0,58.0,BANGLADESH-FILTERED GSC
অনির্বচনীয় শব্দের অর্থ,UNRELATED_OR_AMBIGUOUS,OTHER,0,1,0.0,58.0,BANGLADESH-FILTERED GSC
sandeep,UNRELATED_OR_AMBIGUOUS,OTHER,0,1,0.0,59.0,BANGLADESH-FILTERED GSC
university bangla meaning,ENGLISH_TO_BANGLA_WORD_MEANING,OTHER,0,1,0.0,59.0,BANGLADESH-FILTERED GSC
whirl meaning in bengali,ENGLISH_TO_BANGLA_WORD_MEANING,<word> meaning in bengali,0,1,0.0,59.0,BANGLADESH-FILTERED GSC
demonstrably,UNRELATED_OR_AMBIGUOUS,OTHER,0,1,0.0,60.0,BANGLADESH-FILTERED GSC
quest meaning in bengali,ENGLISH_TO_BANGLA_WORD_MEANING,<word> meaning in bengali,0,1,0.0,60.0,BANGLADESH-FILTERED GSC
ravi,UNRELATED_OR_AMBIGUOUS,OTHER,0,1,0.0,60.0,BANGLADESH-FILTERED GSC
switch meaning in bengali,ENGLISH_TO_BANGLA_WORD_MEANING,<word> meaning in bengali,0,1,0.0,60.0,BANGLADESH-FILTERED GSC
tansations,UNRELATED_OR_AMBIGUOUS,OTHER,0,1,0.0,60.0,BANGLADESH-FILTERED GSC
thyroid bangla meaning,ENGLISH_TO_BANGLA_WORD_MEANING,OTHER,0,1,0.0,60.0,BANGLADESH-FILTERED GSC
paediatric meaning in bengali,ENGLISH_TO_BANGLA_WORD_MEANING,<word> meaning in bengali,0,1,0.0,61.0,BANGLADESH-FILTERED GSC
soothing meaning in bengali,ENGLISH_TO_BANGLA_WORD_MEANING,<word> meaning in bengali,0,1,0.0,61.0,BANGLADESH-FILTERED GSC
squad meaning in bengali,ENGLISH_TO_BANGLA_WORD_MEANING,<word> meaning in bengali,0,1,0.0,61.0,BANGLADESH-FILTERED GSC
startup meaning in bengali,ENGLISH_TO_BANGLA_WORD_MEANING,<word> meaning in bengali,0,1,0.0,61.0,BANGLADESH-FILTERED GSC
উত্থাপন অর্থ,UNRELATED_OR_AMBIGUOUS,OTHER,0,1,0.0,61.0,BANGLADESH-FILTERED GSC
chasms meaning in bengali,ENGLISH_TO_BANGLA_WORD_MEANING,<word> meaning in bengali,0,1,0.0,62.0,BANGLADESH-FILTERED GSC
lentils in bengali,UNRELATED_OR_AMBIGUOUS,OTHER,0,1,0.0,62.0,BANGLADESH-FILTERED GSC
liberal meaning in bengali,ENGLISH_TO_BANGLA_WORD_MEANING,<word> meaning in bengali,0,1,0.0,62.0,BANGLADESH-FILTERED GSC
precursors meaning in bengali,ENGLISH_TO_BANGLA_WORD_MEANING,<word> meaning in bengali,0,1,0.0,62.0,BANGLADESH-FILTERED GSC
rucksack,UNRELATED_OR_AMBIGUOUS,OTHER,0,1,0.0,62.0,BANGLADESH-FILTERED GSC
subtle meaning bangla,UNRELATED_OR_AMBIGUOUS,OTHER,0,1,0.0,62.0,BANGLADESH-FILTERED GSC
vibes,UNRELATED_OR_AMBIGUOUS,OTHER,0,1,0.0,62.0,BANGLADESH-FILTERED GSC
মেস,UNRELATED_OR_AMBIGUOUS,OTHER,0,1,0.0,62.0,BANGLADESH-FILTERED GSC
meet up meaning in bengali,ENGLISH_TO_BANGLA_WORD_MEANING,<word> meaning in bengali,0,1,0.0,63.0,BANGLADESH-FILTERED GSC
mp,UNRELATED_OR_AMBIGUOUS,OTHER,0,1,0.0,63.0,BANGLADESH-FILTERED GSC
rashid,UNRELATED_OR_AMBIGUOUS,OTHER,0,1,0.0,63.0,BANGLADESH-FILTERED GSC
smitten meaning in bengali,ENGLISH_TO_BANGLA_WORD_MEANING,<word> meaning in bengali,0,1,0.0,63.0,BANGLADESH-FILTERED GSC
stalking meaning in bengali,ENGLISH_TO_BANGLA_WORD_MEANING,<word> meaning in bengali,0,1,0.0,63.0,BANGLADESH-FILTERED GSC
strikingly meaning in bengali,ENGLISH_TO_BANGLA_WORD_MEANING,<word> meaning in bengali,0,1,0.0,63.0,BANGLADESH-FILTERED GSC
swiftly meaning in bengali,ENGLISH_TO_BANGLA_WORD_MEANING,<word> meaning in bengali,0,1,0.0,63.0,BANGLADESH-FILTERED GSC
thoracic meaning in bengali,ENGLISH_TO_BANGLA_WORD_MEANING,<word> meaning in bengali,0,1,0.0,63.0,BANGLADESH-FILTERED GSC
wounded meaning in bengali,ENGLISH_TO_BANGLA_WORD_MEANING,<word> meaning in bengali,0,1,0.0,63.0,BANGLADESH-FILTERED GSC
gallows,UNRELATED_OR_AMBIGUOUS,OTHER,0,1,0.0,64.0,BANGLADESH-FILTERED GSC
hoarded meaning in bengali,ENGLISH_TO_BANGLA_WORD_MEANING,<word> meaning in bengali,0,1,0.0,64.0,BANGLADESH-FILTERED GSC
labourers,UNRELATED_OR_AMBIGUOUS,OTHER,0,1,0.0,64.0,BANGLADESH-FILTERED GSC
landowner,UNRELATED_OR_AMBIGUOUS,OTHER,0,1,0.0,64.0,BANGLADESH-FILTERED GSC
mcc,UNRELATED_OR_AMBIGUOUS,OTHER,0,1,0.0,64.0,BANGLADESH-FILTERED GSC
mucosal meaning in bengali,ENGLISH_TO_BANGLA_WORD_MEANING,<word> meaning in bengali,0,1,0.0,64.0,BANGLADESH-FILTERED GSC
smelly meaning in bengali,ENGLISH_TO_BANGLA_WORD_MEANING,<word> meaning in bengali,0,1,0.0,64.0,BANGLADESH-FILTERED GSC
ssb,UNRELATED_OR_AMBIGUOUS,OTHER,0,1,0.0,64.0,BANGLADESH-FILTERED GSC
sultan,UNRELATED_OR_AMBIGUOUS,OTHER,0,1,0.0,64.0,BANGLADESH-FILTERED GSC
thirst meaning in bengali,ENGLISH_TO_BANGLA_WORD_MEANING,<word> meaning in bengali,0,1,0.0,64.0,BANGLADESH-FILTERED GSC
vidya,UNRELATED_OR_AMBIGUOUS,OTHER,0,1,0.0,64.0,BANGLADESH-FILTERED GSC
walkers,UNRELATED_OR_AMBIGUOUS,OTHER,0,1,0.0,64.0,BANGLADESH-FILTERED GSC
yard meaning in bengali,ENGLISH_TO_BANGLA_WORD_MEANING,<word> meaning in bengali,0,1,0.0,64.0,BANGLADESH-FILTERED GSC
projection meaning in bengali,ENGLISH_TO_BANGLA_WORD_MEANING,<word> meaning in bengali,0,1,0.0,65.0,BANGLADESH-FILTERED GSC
scuttle,UNRELATED_OR_AMBIGUOUS,OTHER,0,1,0.0,65.0,BANGLADESH-FILTERED GSC
socio economic meaning in bengali,ENGLISH_TO_BANGLA_WORD_MEANING,<word> meaning in bengali,0,1,0.0,65.0,BANGLADESH-FILTERED GSC
unscrupulous meaning in bengali,ENGLISH_TO_BANGLA_WORD_MEANING,<word> meaning in bengali,0,1,0.0,65.0,BANGLADESH-FILTERED GSC
wipers meaning in bengali,ENGLISH_TO_BANGLA_WORD_MEANING,<word> meaning in bengali,0,1,0.0,65.0,BANGLADESH-FILTERED GSC
ইলেকট্রন কাকে বলে,UNRELATED_OR_AMBIGUOUS,OTHER,0,1,0.0,65.0,BANGLADESH-FILTERED GSC
aladdinmartbd,UNRELATED_OR_AMBIGUOUS,OTHER,0,1,0.0,66.0,BANGLADESH-FILTERED GSC
loins meaning in bengali,ENGLISH_TO_BANGLA_WORD_MEANING,<word> meaning in bengali,0,1,0.0,66.0,BANGLADESH-FILTERED GSC
sanguine of meaning in bengali,ENGLISH_TO_BANGLA_WORD_MEANING,<word> meaning in bengali,0,1,0.0,66.0,BANGLADESH-FILTERED GSC
stroma meaning in bengali,ENGLISH_TO_BANGLA_WORD_MEANING,<word> meaning in bengali,0,1,0.0,66.0,BANGLADESH-FILTERED GSC
titans meaning in bengali,ENGLISH_TO_BANGLA_WORD_MEANING,<word> meaning in bengali,0,1,0.0,66.0,BANGLADESH-FILTERED GSC
wouldn't meaning in bengali,ENGLISH_TO_BANGLA_WORD_MEANING,<word> meaning in bengali,0,1,0.0,66.0,BANGLADESH-FILTERED GSC
wrongdoer meaning in bengali,ENGLISH_TO_BANGLA_WORD_MEANING,<word> meaning in bengali,0,1,0.0,66.0,BANGLADESH-FILTERED GSC
hauling meaning in bengali,ENGLISH_TO_BANGLA_WORD_MEANING,<word> meaning in bengali,0,1,0.0,67.0,BANGLADESH-FILTERED GSC
moisturizer meaning in bengali,ENGLISH_TO_BANGLA_WORD_MEANING,<word> meaning in bengali,0,1,0.0,67.0,BANGLADESH-FILTERED GSC
peeps meaning in bengali,ENGLISH_TO_BANGLA_WORD_MEANING,<word> meaning in bengali,0,1,0.0,67.0,BANGLADESH-FILTERED GSC
penicillium meaning in bengali,ENGLISH_TO_BANGLA_WORD_MEANING,<word> meaning in bengali,0,1,0.0,67.0,BANGLADESH-FILTERED GSC
swain meaning in bengali,ENGLISH_TO_BANGLA_WORD_MEANING,<word> meaning in bengali,0,1,0.0,67.0,BANGLADESH-FILTERED GSC
til,UNRELATED_OR_AMBIGUOUS,OTHER,0,1,0.0,67.0,BANGLADESH-FILTERED GSC
whisk meaning in bengali,ENGLISH_TO_BANGLA_WORD_MEANING,<word> meaning in bengali,0,1,0.0,67.0,BANGLADESH-FILTERED GSC
whorl meaning in bengali,ENGLISH_TO_BANGLA_WORD_MEANING,<word> meaning in bengali,0,1,0.0,67.0,BANGLADESH-FILTERED GSC
embroidered quilt meaning in bengali,ENGLISH_TO_BANGLA_WORD_MEANING,<word> meaning in bengali,0,1,0.0,68.0,BANGLADESH-FILTERED GSC
reincarnated,UNRELATED_OR_AMBIGUOUS,OTHER,0,1,0.0,68.0,BANGLADESH-FILTERED GSC
telephone bangla,UNRELATED_OR_AMBIGUOUS,OTHER,0,1,0.0,68.0,BANGLADESH-FILTERED GSC
deficit meaning in bengali,ENGLISH_TO_BANGLA_WORD_MEANING,<word> meaning in bengali,0,1,0.0,69.0,BANGLADESH-FILTERED GSC
sprayer meaning in bengali,ENGLISH_TO_BANGLA_WORD_MEANING,<word> meaning in bengali,0,1,0.0,69.0,BANGLADESH-FILTERED GSC
squash,UNRELATED_OR_AMBIGUOUS,OTHER,0,1,0.0,69.0,BANGLADESH-FILTERED GSC
vizier meaning in bengali,ENGLISH_TO_BANGLA_WORD_MEANING,<word> meaning in bengali,0,1,0.0,69.0,BANGLADESH-FILTERED GSC
wideon,UNRELATED_OR_AMBIGUOUS,OTHER,0,1,0.0,69.0,BANGLADESH-FILTERED GSC
taxpayer,UNRELATED_OR_AMBIGUOUS,OTHER,0,1,0.0,70.0,BANGLADESH-FILTERED GSC
velocity,UNRELATED_OR_AMBIGUOUS,OTHER,0,1,0.0,70.0,BANGLADESH-FILTERED GSC
সিজনিং কি,UNRELATED_OR_AMBIGUOUS,OTHER,0,1,0.0,70.0,BANGLADESH-FILTERED GSC
climber synonym,VOCABULARY,OTHER,0,1,0.0,71.0,BANGLADESH-FILTERED GSC
demarcation meaning,UNRELATED_OR_AMBIGUOUS,OTHER,0,1,0.0,71.0,BANGLADESH-FILTERED GSC
opp,UNRELATED_OR_AMBIGUOUS,OTHER,0,1,0.0,71.0,BANGLADESH-FILTERED GSC
paradise meaning in bengali,ENGLISH_TO_BANGLA_WORD_MEANING,<word> meaning in bengali,0,1,0.0,71.0,BANGLADESH-FILTERED GSC
relife tablet bangla,UNRELATED_OR_AMBIGUOUS,OTHER,0,1,0.0,71.0,BANGLADESH-FILTERED GSC
remarry,UNRELATED_OR_AMBIGUOUS,OTHER,0,1,0.0,71.0,BANGLADESH-FILTERED GSC
sanguine synonym,VOCABULARY,OTHER,0,1,0.0,71.0,BANGLADESH-FILTERED GSC
tention or tension meaning,UNRELATED_OR_AMBIGUOUS,OTHER,0,1,0.0,71.0,BANGLADESH-FILTERED GSC
mastervision meaning in bengali,ENGLISH_TO_BANGLA_WORD_MEANING,<word> meaning in bengali,0,1,0.0,72.0,BANGLADESH-FILTERED GSC
reciting meaning in bengali,ENGLISH_TO_BANGLA_WORD_MEANING,<word> meaning in bengali,0,1,0.0,72.0,BANGLADESH-FILTERED GSC
upsets meaning,UNRELATED_OR_AMBIGUOUS,OTHER,0,1,0.0,72.0,BANGLADESH-FILTERED GSC
vitamint,UNRELATED_OR_AMBIGUOUS,OTHER,0,1,0.0,72.0,BANGLADESH-FILTERED GSC
waterproof,UNRELATED_OR_AMBIGUOUS,OTHER,0,1,0.0,72.0,BANGLADESH-FILTERED GSC
পরিত্রাণ অর্থ,UNRELATED_OR_AMBIGUOUS,OTHER,0,1,0.0,72.0,BANGLADESH-FILTERED GSC
nest,UNRELATED_OR_AMBIGUOUS,OTHER,0,1,0.0,74.0,BANGLADESH-FILTERED GSC
viceroy meaning,UNRELATED_OR_AMBIGUOUS,OTHER,0,1,0.0,74.0,BANGLADESH-FILTERED GSC
virtue meaning in bengali,ENGLISH_TO_BANGLA_WORD_MEANING,<word> meaning in bengali,0,1,0.0,74.0,BANGLADESH-FILTERED GSC
welcomed,UNRELATED_OR_AMBIGUOUS,OTHER,0,1,0.0,74.0,BANGLADESH-FILTERED GSC
অন,UNRELATED_OR_AMBIGUOUS,OTHER,0,1,0.0,74.0,BANGLADESH-FILTERED GSC
metropolitan,UNRELATED_OR_AMBIGUOUS,OTHER,0,1,0.0,76.0,BANGLADESH-FILTERED GSC
pork,UNRELATED_OR_AMBIGUOUS,OTHER,0,1,0.0,76.0,BANGLADESH-FILTERED GSC
reckon,UNRELATED_OR_AMBIGUOUS,OTHER,0,1,0.0,76.0,BANGLADESH-FILTERED GSC
waterman,UNRELATED_OR_AMBIGUOUS,OTHER,0,1,0.0,76.0,BANGLADESH-FILTERED GSC
ambidextrous meaning,UNRELATED_OR_AMBIGUOUS,OTHER,0,1,0.0,77.0,BANGLADESH-FILTERED GSC
excalibur,UNRELATED_OR_AMBIGUOUS,OTHER,0,1,0.0,77.0,BANGLADESH-FILTERED GSC
parasol,UNRELATED_OR_AMBIGUOUS,OTHER,0,1,0.0,77.0,BANGLADESH-FILTERED GSC
sexist meaning in bengali,ENGLISH_TO_BANGLA_WORD_MEANING,<word> meaning in bengali,0,1,0.0,77.0,BANGLADESH-FILTERED GSC
tension,UNRELATED_OR_AMBIGUOUS,OTHER,0,1,0.0,77.0,BANGLADESH-FILTERED GSC
crunch,UNRELATED_OR_AMBIGUOUS,OTHER,0,1,0.0,78.0,BANGLADESH-FILTERED GSC
purchaser's,UNRELATED_OR_AMBIGUOUS,OTHER,0,1,0.0,78.0,BANGLADESH-FILTERED GSC
স্যার এর বাংলা অর্থ কি,ENGLISH_TO_BANGLA_WORD_MEANING,OTHER,0,1,0.0,78.0,BANGLADESH-FILTERED GSC
proprietor meaning in bengali,ENGLISH_TO_BANGLA_WORD_MEANING,<word> meaning in bengali,0,1,0.0,79.0,BANGLADESH-FILTERED GSC
trims meaning in bengali,ENGLISH_TO_BANGLA_WORD_MEANING,<word> meaning in bengali,0,1,0.0,80.0,BANGLADESH-FILTERED GSC
parasols,UNRELATED_OR_AMBIGUOUS,OTHER,0,1,0.0,81.0,BANGLADESH-FILTERED GSC
store room,UNRELATED_OR_AMBIGUOUS,OTHER,0,1,0.0,81.0,BANGLADESH-FILTERED GSC
symphony meaning in bengali,ENGLISH_TO_BANGLA_WORD_MEANING,<word> meaning in bengali,0,1,0.0,81.0,BANGLADESH-FILTERED GSC
slacking,UNRELATED_OR_AMBIGUOUS,OTHER,0,1,0.0,82.0,BANGLADESH-FILTERED GSC
tention or tension,UNRELATED_OR_AMBIGUOUS,OTHER,0,1,0.0,82.0,BANGLADESH-FILTERED GSC
প্রত্যাহার করা,UNRELATED_OR_AMBIGUOUS,OTHER,0,1,0.0,82.0,BANGLADESH-FILTERED GSC
lash,UNRELATED_OR_AMBIGUOUS,OTHER,0,1,0.0,83.0,BANGLADESH-FILTERED GSC
propagating,UNRELATED_OR_AMBIGUOUS,OTHER,0,1,0.0,83.0,BANGLADESH-FILTERED GSC
saturday dictionary,OTHER_ENGLISH_LEARNING,OTHER,0,1,0.0,83.0,BANGLADESH-FILTERED GSC
mfa,UNRELATED_OR_AMBIGUOUS,OTHER,0,1,0.0,84.0,BANGLADESH-FILTERED GSC
layers,UNRELATED_OR_AMBIGUOUS,OTHER,0,1,0.0,85.0,BANGLADESH-FILTERED GSC
psyche meaning,UNRELATED_OR_AMBIGUOUS,OTHER,0,1,0.0,85.0,BANGLADESH-FILTERED GSC
vet,UNRELATED_OR_AMBIGUOUS,OTHER,0,1,0.0,85.0,BANGLADESH-FILTERED GSC
auto renewal meaning in bengali,ENGLISH_TO_BANGLA_WORD_MEANING,<word> meaning in bengali,0,1,0.0,86.0,BANGLADESH-FILTERED GSC
merc,UNRELATED_OR_AMBIGUOUS,OTHER,0,1,0.0,86.0,BANGLADESH-FILTERED GSC
tansan in english to bengali,ENGLISH_TO_BANGLA_DICTIONARY,OTHER,0,1,0.0,86.0,BANGLADESH-FILTERED GSC
tons,UNRELATED_OR_AMBIGUOUS,OTHER,0,1,0.0,86.0,BANGLADESH-FILTERED GSC
abdominal meaning,UNRELATED_OR_AMBIGUOUS,OTHER,0,1,0.0,87.0,BANGLADESH-FILTERED GSC
maids,UNRELATED_OR_AMBIGUOUS,OTHER,0,1,0.0,87.0,BANGLADESH-FILTERED GSC
parked meaning in bengali,ENGLISH_TO_BANGLA_WORD_MEANING,<word> meaning in bengali,0,1,0.0,87.0,BANGLADESH-FILTERED GSC
payoff,UNRELATED_OR_AMBIGUOUS,OTHER,0,1,0.0,87.0,BANGLADESH-FILTERED GSC
reelife tablet bangla,UNRELATED_OR_AMBIGUOUS,OTHER,0,1,0.0,87.0,BANGLADESH-FILTERED GSC
roommate,UNRELATED_OR_AMBIGUOUS,OTHER,0,1,0.0,87.0,BANGLADESH-FILTERED GSC
shay meaning in bengali,ENGLISH_TO_BANGLA_WORD_MEANING,<word> meaning in bengali,0,1,0.0,87.0,BANGLADESH-FILTERED GSC
stub meaning in bengali,ENGLISH_TO_BANGLA_WORD_MEANING,<word> meaning in bengali,0,1,0.0,90.0,BANGLADESH-FILTERED GSC
sanguine,UNRELATED_OR_AMBIGUOUS,OTHER,0,1,0.0,92.0,BANGLADESH-FILTERED GSC
অফসেট কি,UNRELATED_OR_AMBIGUOUS,OTHER,0,1,0.0,92.0,BANGLADESH-FILTERED GSC
expats,UNRELATED_OR_AMBIGUOUS,OTHER,0,1,0.0,94.0,BANGLADESH-FILTERED GSC
heparin name,UNRELATED_OR_AMBIGUOUS,OTHER,0,1,0.0,95.0,BANGLADESH-FILTERED GSC
pallet,UNRELATED_OR_AMBIGUOUS,OTHER,0,1,0.0,95.0,BANGLADESH-FILTERED GSC
substation,UNRELATED_OR_AMBIGUOUS,OTHER,0,1,0.0,95.0,BANGLADESH-FILTERED GSC
leukemia meaning in bengali,ENGLISH_TO_BANGLA_WORD_MEANING,<word> meaning in bengali,0,1,0.0,96.0,BANGLADESH-FILTERED GSC
subsidies,UNRELATED_OR_AMBIGUOUS,OTHER,0,1,0.0,99.0,BANGLADESH-FILTERED GSC
shuddered meaning in bengali,ENGLISH_TO_BANGLA_WORD_MEANING,<word> meaning in bengali,0,1,0.0,100.0,BANGLADESH-FILTERED GSC
